Formula,JARVIS-ID,spg_symbol,Nwan,vqe_max_val(eV),vqe_min_val(eV),np_max_vals(eV),np_min_vals(eV)
BaLiBr,JVASP-66040,F-43m,9,34.53864428,-3.02E-06,34.53911945,-1.27E-05
BaCaSn,JVASP-66054,F-43m,9,14.86876879,-4.66E-07,14.86876903,-3.11E-06
BaTaBr,JVASP-66056,F-43m,9,5.2140533,-2.94E-06,5.214053459,-9.45E-06
Ba4MgIr,JVASP-66057,F-43m,18,22.70039077,-6.166130274,22.70039099,-6.166137345
KBaBe,JVASP-66084,F-43m,9,27.38260296,-2.47E-05,27.38260346,-0.000121952
Ba4MoPt,JVASP-66471,F-43m,18,25.52086382,-6.534714366,25.52086393,-6.534722084
BaLiCd,JVASP-66099,F-43m,9,25.9079418,-0.000106003,25.90794211,-0.000365118
Ba4RuBr,JVASP-66108,F-43m,18,23.98291706,-5.508319958,23.98291739,-5.50832459
BaTiCd,JVASP-66121,F-43m,9,10.48112157,-0.591278828,10.48112265,-0.591281114
BaCaHg,JVASP-66126,F-43m,9,12.79092287,2.47E-07,12.79092554,0
BaTeCl,JVASP-66135,F-43m,9,9.838159211,-3.93E-06,9.838159433,-8.92E-06
BaCaCd,JVASP-66142,F-43m,9,12.34640344,-1.91E-06,12.34640405,-6.84E-06
BaCaIn,JVASP-66162,F-43m,9,18.8980158,-1.30E-06,18.89801658,-6.77E-06
BaNbHg,JVASP-66165,F-43m,9,9.312732858,-1.40E-06,9.312733016,-4.93E-06
BaYTe,JVASP-66170,F-43m,9,7.081536429,-0.164051758,7.081537538,-0.164060523
Ba4ZnTc,JVASP-66174,F-43m,18,24.00937088,-5.988706694,24.00937126,-5.988732171
BaCdHg,JVASP-66180,F-43m,9,9.061994367,1.23E-06,9.062007716,0
KBaCu,JVASP-66182,F-43m,9,11.528865,7.34E-07,11.52886608,0
BaMoCl,JVASP-66197,F-43m,9,5.462052365,-2.63E-07,5.462053672,-2.65E-05
Ba4TcTe,JVASP-66210,F-43m,18,24.56887392,-5.34704164,24.56887405,-5.347042493
BaNaV,JVASP-66213,F-43m,9,11.83191827,-1.97E-05,11.83191838,-3.69E-05
BaLiBi,JVASP-66227,F-43m,9,14.87301654,-2.387414499,14.87301695,-2.387416529
BaLiSb,JVASP-66232,F-43m,9,18.28746792,-4.700189697,18.28746806,-4.700191163
BaCaIn,JVASP-66241,F-43m,9,13.76140953,-6.08E-06,13.76140957,-2.42E-05
BaSrTa,JVASP-66264,F-43m,9,9.739488978,-7.84E-07,9.739561764,-5.26E-06
BaTlTe,JVASP-66300,F-43m,9,8.676346811,-8.44E-08,8.676346876,-7.97E-07
Ba2TiCr,JVASP-66313,Fm-3m,12,18.94993989,-2.536576273,18.94994036,-2.536576922
Ba4InIr,JVASP-66322,F-43m,18,25.12981008,-6.683825595,25.12981148,-6.683850163
BaTaCl,JVASP-66329,F-43m,9,4.976687524,-6.16E-06,4.976688095,-5.11E-05
BaBiCl,JVASP-66335,F-43m,9,6.460443043,1.48E-07,6.460443402,-2.67E-06
Ba4RhPb,JVASP-66344,F-43m,18,23.43071643,-5.524073982,23.43078081,-5.524139723
BaTiHg,JVASP-66360,F-43m,9,7.202157883,-0.000238259,7.202158392,-0.001238894
BaTeBr,JVASP-66363,F-43m,9,7.665970157,-4.50E-07,7.665971059,-5.24E-06
BaMgCl,JVASP-66371,F-43m,9,19.24970869,-0.000318457,19.24971406,-0.002310069
BaTiBr,JVASP-66379,F-43m,9,7.473751914,-1.08E-05,7.473829672,-5.47E-05
BaYCl,JVASP-66387,F-43m,9,2.954278688,-3.220507641,2.954279432,-3.220508861
BaInTe,JVASP-66389,F-43m,9,9.364996989,-2.09E-05,9.365016803,-8.77E-05
Ba4YOs,JVASP-66393,F-43m,18,21.79286608,-5.825476362,21.79286728,-5.825489985
BaCdTe,JVASP-66402,F-43m,9,9.092062348,3.34E-07,9.092062708,0
BaHgSb,JVASP-66405,F-43m,9,10.66229976,6.00E-07,10.66230203,0
BaWCl,JVASP-66430,F-43m,9,5.600141311,-4.64E-06,5.600200024,-1.47E-05
BaCaV,JVASP-66433,F-43m,9,12.42876736,-9.47E-05,12.42876788,-0.000866314
BaBiBr,JVASP-66437,F-43m,9,5.296963464,-1.44E-05,5.29696424,-4.70E-05
BaBiPb,JVASP-66442,F-43m,9,10.37987427,-4.00E-06,10.37989825,-1.74E-05
BaSrSb,JVASP-66472,F-43m,9,10.87376254,5.66E-07,10.87376284,-1.49E-07
Ba4ScW,JVASP-66446,F-43m,18,22.09673391,-5.609192403,22.09673486,-5.609198304
Ba4HgIr,JVASP-66474,F-43m,18,26.62801571,-7.080002249,26.62801612,-7.080003239
BaScCl,JVASP-66035,F-43m,9,4.141609907,-2.004163951,4.141620608,-2.004166784
Ba4TaRh,JVASP-66038,F-43m,18,25.70695614,-5.802245874,25.70698197,-5.802247531
BaSnPb,JVASP-66152,F-43m,9,12.22986479,-0.051666196,12.22986599,-0.051692505
BaNaZn,JVASP-66166,F-43m,9,13.3835102,-2.97E-05,13.38351792,-0.000118477
Ba4InTc,JVASP-66172,F-43m,18,23.40276067,-5.259856391,23.40276278,-5.259857631
BaSrHf,JVASP-66183,F-43m,9,8.292583305,5.82E-07,8.292584357,-2.65E-07
Ba4OsBr,JVASP-66199,F-43m,18,27.69141633,-6.350348698,27.69141824,-6.350349062
BaHgPb,JVASP-66216,F-43m,9,8.939484178,-2.09E-07,8.939486133,-1.48E-06
Ba4BeMo,JVASP-66225,F-43m,18,23.47481377,-6.769295376,23.47481438,-6.770391058
BaMgBr,JVASP-66233,F-43m,9,18.1611839,-7.83E-05,18.16119833,-0.000336643
BaSrMo,JVASP-66257,F-43m,9,9.581753076,-9.79E-06,9.581753324,-6.72E-05
Ba4CdRu,JVASP-66274,F-43m,18,22.90347723,-5.847580895,22.90347773,-5.847581313
BaLiCl,JVASP-66310,F-43m,9,37.28882707,-2.11E-05,37.28883285,-0.000616722
BaCaTi,JVASP-66321,F-43m,9,11.35586769,-2.11E-05,11.35586922,-5.60E-05
BaNaCr,JVASP-66326,F-43m,9,12.32828057,-9.25E-06,12.3282809,-0.000236214
BaTlBi,JVASP-66357,F-43m,9,9.597042703,1.13E-06,9.597044166,0
BaTlBr,JVASP-66362,F-43m,9,4.930186267,-1.32E-06,4.930187359,-6.36E-06
BaNaPb,JVASP-66365,F-43m,9,11.28833389,-1.46E-05,11.28833431,-4.62E-05
BaNaTa,JVASP-66378,F-43m,9,13.36824624,-5.12E-05,13.3682554,-7.64E-05
Ba4TiPt,JVASP-66384,F-43m,18,21.94155424,-6.416652451,21.94155543,-6.416664597
BaTlCl,JVASP-66391,F-43m,9,5.962613317,-3.21E-07,5.962614438,-4.95E-06
BaTiTe,JVASP-66395,F-43m,9,10.97549539,5.13E-07,10.97549577,-5.69E-07
BaGaTe,JVASP-66406,F-43m,9,10.85748054,-2.44E-06,10.85748491,-8.04E-06
KBaGe,JVASP-66431,F-43m,9,12.75154069,1.28E-07,12.75154077,-4.99E-05
BaWBr,JVASP-66441,F-43m,9,5.557482087,-8.58E-07,5.557483006,-5.59E-06
BaNaHg,JVASP-66475,F-43m,9,12.42334074,-4.56E-07,12.42334367,-3.06E-06
BaTlSb,JVASP-66485,F-43m,9,11.43624191,-2.59E-06,11.43624248,-7.67E-06
BaInBr,JVASP-66494,F-43m,9,6.305455865,-2.51E-05,6.305455929,-6.88E-05
BaTiCd,JVASP-66503,F-43m,9,10.46211206,-0.59135751,10.46211272,-0.591374131
BaMgTe,JVASP-66505,F-43m,9,15.88771435,-0.000138862,15.88771484,-0.00053287
BaCdSn,JVASP-66506,F-43m,9,11.90444579,-9.52E-05,11.90444633,-0.000440618
BaSrNb,JVASP-66509,F-43m,9,8.922002632,-1.33E-06,8.922003651,-1.24E-05
BaNbCd,JVASP-66518,F-43m,9,10.29110791,-4.93E-05,10.29111112,-0.000137084
Ba2PdBr,JVASP-66536,Fm-3m,12,7.987744899,-2.17E-06,7.9877457,-9.72E-06
BaNaGa,JVASP-66541,F-43m,9,13.89303557,-2.02E-05,13.89303603,-6.12E-05
BaNaSb,JVASP-66546,F-43m,9,13.93470017,-3.77E-06,13.93470055,-7.53E-05
Ba4PdW,JVASP-66550,F-43m,18,24.63976945,-6.281623553,24.63976965,-6.281626187
BaNaCl,JVASP-66565,F-43m,9,13.39774711,-0.349183312,13.39776023,-0.349196661
BaZnTe,JVASP-66567,F-43m,9,10.15406981,-0.000137556,10.15407059,-0.000281948
BaTlIn,JVASP-66568,F-43m,9,10.07231445,5.87E-06,10.07232607,-9.60E-05
BaInSb,JVASP-66581,F-43m,9,12.38907147,-5.03E-07,12.38907184,-4.16E-05
BaNbCl,JVASP-66584,F-43m,9,6.249863876,-0.000104404,6.249864195,-0.000394623
BaCdBr,JVASP-66605,F-43m,9,7.037113908,-6.28E-06,7.037114917,-4.95E-05
BaGaBr,JVASP-66606,F-43m,9,7.501602067,-4.08E-06,7.501602377,-3.25E-05
BaLiMg,JVASP-66613,F-43m,9,27.61697008,-2.97E-06,27.61697029,-1.99E-05
BaNaBi,JVASP-66614,F-43m,9,11.45185867,-2.39E-05,11.45185989,-4.72E-05
KBaSi,JVASP-66619,F-43m,9,18.71149001,2.32E-07,18.71149031,0
BaSrHg,JVASP-66626,F-43m,9,9.730419585,1.25E-07,9.73042031,-6.32E-07
BaSbBr,JVASP-66635,F-43m,9,7.197148989,2.83E-07,7.197155324,-6.62E-07
BaTcBr,JVASP-66640,F-43m,9,3.402425028,2.25E-06,3.402433268,-0.00022875
BaInMo,JVASP-66650,F-43m,9,12.98687031,-0.055054605,12.98687072,-0.055072156
BaTePb,JVASP-66651,F-43m,9,8.972423025,-2.51E-06,8.972435695,-8.20E-06
Ba4BiP,JVASP-66657,F-43m,18,23.78128648,-4.87215913,23.78128727,-4.872160799
BaBiTe,JVASP-66661,F-43m,9,8.922456205,-6.68E-07,8.922456317,-2.48E-06
BaLiIn,JVASP-66673,F-43m,9,24.03768746,-0.000627631,24.03768774,-0.001387436
BaTlSn,JVASP-66676,F-43m,9,10.96039809,6.72E-07,10.96039836,-3.18E-09
BaNaMo,JVASP-66678,F-43m,9,13.71794741,-8.01E-06,13.71794817,-8.62E-05
BaCaCr,JVASP-66682,F-43m,9,12.68791999,-1.87E-05,12.68792058,-9.37E-05
BaYSn,JVASP-66685,F-43m,9,13.17505599,-5.25E-05,13.17505753,-0.000307884
KBaBi,JVASP-66686,F-43m,9,9.92604252,-2.31E-06,9.926042988,-8.75E-06
Be2FePt,JVASP-66694,P4mm,12,251.2516694,-1.35E-05,251.2516696,-9.83E-05
Be2FeIr,JVASP-66718,P4mm,12,279.5221161,-1.32E-05,279.5221167,-7.56E-05
BeGaIr,JVASP-66724,I4mm,9,152.8405024,-4.72E-05,152.8405029,-0.001155023
SrScBe,JVASP-66730,P3m1,9,157.7598488,-2.46E-05,157.7598489,-0.000106215
ScBe2Rh,JVASP-66732,P4/mmm,12,280.7819802,-5.30E-06,280.7819808,-4.36E-05
LiBeV,JVASP-66740,I4mm,9,238.2524718,-1.31E-05,238.2524724,-0.000130829
TiBeTe,JVASP-66750,I4mm,9,66.38498848,-0.000109304,66.38498871,-0.000285499
NaBe2Pd,JVASP-66751,P4mm,12,213.7138334,-3.94E-05,213.7138336,-0.000162524
CaTiBe2,JVASP-66754,Fm-3m,12,138.4118866,-5.60E-07,138.411888,-8.73E-06
BeZnMo,JVASP-66757,I4mm,9,207.0023163,-1.71E-05,207.0023163,-0.000206225
LiBeCd,JVASP-66759,I4mm,9,149.8306439,-0.000158549,149.8306655,-0.001217593
BeTeW,JVASP-66763,I4mm,9,129.3944849,-1.51E-06,129.394487,-2.50E-05
TiMnBe2,JVASP-66781,I-4m2,12,262.9805274,-8.76E-06,262.9805277,-5.71E-05
TiBeTl,JVASP-66789,I4mm,9,107.573499,-0.000224425,107.5734994,-0.000775701
HfBeNi,JVASP-66794,I4mm,9,174.4795673,-2.23E-06,174.479598,-5.42E-05
MgBeZn,JVASP-66797,I4mm,9,110.4607528,-3.60E-06,110.4607547,-0.000924061
BeCrCd,JVASP-66799,I4mm,9,174.7155294,-5.95E-06,174.7155329,-4.85E-05
MgBeIn,JVASP-66809,I4mm,9,96.45934057,-5.21E-05,96.45934106,-0.000326412
BeFePt,JVASP-66819,P3m1,9,239.0890759,-5.91E-05,239.0890761,-0.000195579
LiBePt,JVASP-66821,I4mm,9,212.628536,-8.65E-06,212.6285395,-3.40E-05
BePdCl,JVASP-66836,I4mm,9,128.2386803,-34.14391773,128.2386804,-34.14393559
MgBeNi,JVASP-66844,I4mm,9,177.1946936,-0.000252373,177.1947268,-0.001253349
Be2SiPt,JVASP-66845,P4mm,12,278.164356,-1.59E-06,278.1643568,-6.63E-06
MgTiBe,JVASP-66847,I4mm,9,179.0491719,-2.46E-05,179.0491721,-0.000474705
BeNiCl,JVASP-66848,I4mm,9,141.3785261,-26.98278088,141.3785268,-26.98278632
CaBeGe,JVASP-66852,I4mm,9,102.3104405,-0.002735564,102.3104412,-0.00324045
BeMoPd,JVASP-66853,I4mm,9,231.4180465,-8.65E-06,231.4180498,-4.89E-05
BeInBr,JVASP-66854,I4mm,9,49.38024937,-49.54796602,49.38024994,-49.54796622
BeMoRh,JVASP-66860,I4mm,9,218.7356022,-1.16E-05,218.7356026,-3.94E-05
LiBeOs,JVASP-66868,I4mm,9,221.1199954,-2.43E-05,221.119996,-0.000223287
TiBeCd,JVASP-66885,I4mm,9,171.8788646,-0.000141971,171.878868,-0.000327913
HfBeZn,JVASP-66904,I4mm,9,139.2953461,-7.38E-05,139.2957495,-0.001138171
TiBe2Sb,JVASP-66910,P4mm,12,159.1694123,-5.70E-05,159.1694132,-8.61E-05
BeZnCl,JVASP-66912,P3m1,9,206.9463971,-4.32E-05,206.9463974,-0.000731814
HfBeTc,JVASP-66919,I4mm,9,175.540938,-2.30E-07,175.5409381,-2.21E-06
CaTiBe,JVASP-66925,I4mm,9,149.0629902,-3.12E-05,149.0629906,-0.000590119
MnBePb,JVASP-66930,P3m1,9,149.4724693,-0.000106394,149.4724872,-0.000494368
ScBeMo,JVASP-66936,P3m1,9,234.1348406,-3.13E-05,234.1348407,-6.52E-05
YScBe2,JVASP-66937,P4/mmm,12,144.3513332,-8.17E-06,144.3513334,-6.81E-05
TaBeTe,JVASP-66939,P3m1,9,114.4664877,-1.96E-05,114.4699683,-0.00020834
BeNbPt,JVASP-66942,I4mm,9,210.4676843,-3.03E-06,210.4676865,-4.88E-05
CaTaBe,JVASP-66959,I4mm,9,185.5752027,-1.96E-06,185.575203,-2.34E-05
BeNbRh,JVASP-66966,I4mm,9,194.1225428,-4.87E-06,194.1225435,-2.18E-05
MnBeTl,JVASP-66967,P3m1,9,129.0483216,-0.000201625,129.048322,-0.002004433
MnBe2Cu,JVASP-66968,P4mm,12,280.7188602,-1.42E-06,280.7188603,-0.000124078
MnBe2Te,JVASP-66977,P4mm,12,182.9057198,-9.77E-05,182.9057201,-0.000214762
BeNbIn,JVASP-66980,I4mm,9,135.9582539,-1.22E-06,135.9582543,-4.80E-05
CaBeNb,JVASP-66991,I4mm,9,174.2955716,-8.88E-07,174.2955717,-4.24E-05
HfBePd,JVASP-66993,I4mm,9,139.0438339,8.89E-08,139.0438344,-1.49E-05
BeZnCr,JVASP-67010,P3m1,9,211.0296148,-0.000216456,211.0296152,-0.000868721
CaBeGa,JVASP-67011,I4mm,9,79.92898178,-9.43E-05,79.9289923,-0.000327972
SrTaBe,JVASP-67012,I4mm,9,180.0436814,-1.01E-06,180.0436816,-1.19E-05
HfBeRu,JVASP-67028,I4mm,9,194.800633,4.84E-07,194.8006334,-1.80E-06
ScBeFe,JVASP-67029,P3m1,9,236.6199686,-4.58E-06,236.6199691,-0.000411651
MnBe2Cu,JVASP-67034,P4mm,12,280.5550181,-1.66E-05,280.5550216,-0.000129407
BeSnBi,JVASP-67052,I4mm,9,55.88698784,-0.000561323,55.88698795,-0.001939866
CaBeCd,JVASP-67068,I4mm,9,81.25735051,-5.07E-05,81.25735074,-0.000122549
CaScBe,JVASP-67074,I4mm,9,134.8936025,-1.81E-05,134.8936033,-0.000208175
BeGaRu,JVASP-67082,I4mm,9,156.9661519,-1.85E-07,156.9661521,-2.09E-05
BeGaW,JVASP-67098,I4mm,9,161.4293785,-0.000174361,161.4293791,-0.000531829
MnBeSb,JVASP-67103,I4mm,9,181.5886609,-9.57E-07,181.5887713,-1.01E-05
BeCdBr,JVASP-67104,I4mm,9,52.61882544,-27.85016528,52.61892352,-27.85016562
HfBe2Co,JVASP-67107,P4/mmm,12,345.9409426,-6.37E-06,345.9409427,-1.47E-05
MnBeNi,JVASP-67131,I4mm,9,253.8706185,-0.000486341,253.8706187,-0.001707493
MnBeCd,JVASP-67134,I4mm,9,148.4416528,-0.000152206,148.4419031,-0.001080843
Be2MoCl,JVASP-67137,P4mm,12,248.827415,-8.94E-05,248.8274151,-0.000282762
Be2VTe,JVASP-67139,P4mm,12,175.4225383,-7.89E-05,175.4225385,-0.000347225
BeCdFe,JVASP-67144,I4mm,9,117.6724588,-2.65E-05,117.6724701,-0.000518412
BeTcHg,JVASP-67148,I4mm,9,143.1763541,1.81E-08,143.1763544,-1.47E-05
TaBeRu,JVASP-67155,I4mm,9,184.8771327,-6.60E-07,184.8771329,-1.06E-05
BeGaBr,JVASP-67158,I4mm,9,262.4123746,-0.000156854,262.4123851,-0.002128007
Be2CrBr,JVASP-67163,P4mm,12,197.671836,-32.61252564,197.6718361,-32.61252583
LiBeIn,JVASP-67166,I4mm,9,157.7600716,-4.27E-06,157.7600724,-2.87E-05
BeGaCo,JVASP-67188,P3m1,9,191.3007485,-1.59E-05,191.3007487,-0.000172854
Be2ZnCr,JVASP-67194,P4mm,12,267.3846831,-4.40E-06,267.3846835,-3.78E-05
YTiBe,JVASP-67204,P3m1,9,199.5169104,-2.03E-06,199.5169104,-3.97E-05
MgBeRh,JVASP-67213,I4mm,9,179.8871586,-0.000125518,179.8871588,-0.000670666
HfMnBe,JVASP-67214,I4mm,9,199.0726303,-3.12E-05,199.0726907,-0.000411405
MnBeGa,JVASP-67238,I4mm,9,135.8915568,-1.25E-05,135.8915569,-0.001037862
TaBeSn,JVASP-67244,I4mm,9,96.90666337,-8.39E-06,96.90666366,-0.000137361
HfBeSi,JVASP-67251,I4mm,9,172.2221427,-1.73E-05,172.2221429,-4.24E-05
BeGaP,JVASP-67253,I4mm,9,61.10248995,-1.839396699,61.10258765,-1.839403208
TiBeRh,JVASP-67265,P3m1,9,277.1623418,-3.82E-05,277.1623422,-0.000315503
TiBe2Se,JVASP-67270,P4mm,12,177.0730924,-0.000101428,177.0730926,-0.000745515
MgBeTc,JVASP-67271,I4mm,9,186.3980937,-4.37E-06,186.3980942,-0.00012288
Be2NiPt,JVASP-67276,P4mm,12,257.1432126,-7.32E-06,257.143213,-2.00E-05
HfBeV,JVASP-67277,I4mm,9,182.7948561,2.54E-07,182.794887,-1.12E-06
LiBeFe,JVASP-67279,P3m1,9,206.2590403,-2.96E-05,206.2590406,-0.000553807
Be2CrHg,JVASP-67282,P4/mmm,12,261.6118928,1.35E-05,261.6118961,-0.000786342
HfBe2Zn,JVASP-67292,P4mm,12,215.4557561,-2.55E-05,215.4557563,-7.05E-05
MnBe2Se,JVASP-67301,P4mm,12,206.2126945,-1.14E-05,206.2126947,-8.97E-05
CaMgBe,JVASP-67307,I4mm,9,99.01702039,-0.000211033,99.0170291,-0.000440118
HfBe2Fe,JVASP-67311,P4/mmm,12,218.3583426,-0.000566227,218.3583429,-0.001299431
BeGaSi,JVASP-67312,I4mm,9,105.8554431,-1.872158924,105.8554433,-1.872159184
CaBePb,JVASP-67313,I4mm,9,74.20590941,-2.29E-07,74.20591025,-0.000297547
YBeZn,JVASP-67314,I4mm,9,102.2752523,-1.77E-06,102.2752525,-3.69E-05
Be2FeSb,JVASP-67320,P4mm,12,227.6885854,-5.57E-07,227.6925048,-4.24E-05
Be2ZnFe,JVASP-67330,P4mm,12,278.1510532,-1.71E-05,278.1510537,-0.000831985
ScMnBe,JVASP-67353,P3m1,9,200.6692808,-0.002615862,200.6692811,-0.002920871
BeNbRu,JVASP-67356,I4mm,9,187.5582335,-2.29E-07,187.5582344,-2.18E-06
LiBeZn,JVASP-67362,I4mm,9,174.5739038,-0.000108081,174.5739554,-0.000538225
Be2CrIr,JVASP-67368,P4mm,12,258.9722482,-1.54E-05,258.9722486,-2.20E-05
BePIr,JVASP-67371,I4mm,9,148.7842188,-3.19E-06,148.7842189,-0.000101563
BeFeNi,JVASP-67381,I4mm,9,244.2317461,-0.000211636,244.2317475,-0.000700737
LiYBe,JVASP-67390,P-6m2,9,147.0904922,-2.15E-05,147.0905021,-0.000200951
BeNbFe,JVASP-67393,P3m1,9,293.746145,-6.45E-05,293.7461451,-0.000344085
LiBeSb,JVASP-67397,I4mm,9,277.226298,-7.66E-06,277.2262995,-7.37E-05
YTaBe2,JVASP-67411,P4/mmm,12,176.6228661,-1.89E-06,176.6228665,-9.96E-06
Be2VRu,JVASP-67418,P4mm,12,200.6943381,-1.60E-05,200.6943382,-2.68E-05
HfBeBi,JVASP-67420,I4mm,9,78.43865682,-4.52E-06,78.43865752,-4.77E-05
CaBeIn,JVASP-67428,I4mm,9,92.35666597,-4.05E-05,92.35666608,-0.000696763
BeTcW,JVASP-67430,P3m1,9,303.7254735,-6.75E-07,303.7254738,-8.31E-06
TiBe2Os,JVASP-67432,P4mm,12,193.5671891,-8.31E-06,193.5671923,-6.48E-05
Be2CoHg,JVASP-67440,P4mm,12,210.5040237,-4.83E-06,210.5040249,-5.86E-05
BeNbNi,JVASP-67442,I4mm,9,199.0270289,-6.29E-06,199.0270297,-8.01E-05
NaBeBr,JVASP-67446,P3m1,9,143.5323016,-2.829279854,143.5323019,-2.829294216
TaBeTc,JVASP-67462,I4mm,9,251.1986186,-1.12E-05,251.1986188,-5.26E-05
BeNbTc,JVASP-67463,I4mm,9,242.5918135,6.75E-08,242.5918136,-2.55E-05
BeInW,JVASP-67473,I4mm,9,139.6015726,4.73E-07,139.6015729,-0.000110642
BeCuBr,JVASP-67476,I4mm,9,110.7574618,-21.97309719,110.757462,-21.97309724
Be2VBr,JVASP-67477,P4mm,12,243.5725857,-2.65E-05,243.5728189,-0.000414686
TiBeV,JVASP-67501,I4mm,9,236.8791373,-4.95E-06,236.8791383,-8.86E-05
BeNiMo,JVASP-67520,I4mm,9,235.3354772,-3.72E-07,235.3354773,-9.07E-05
MnBe2Bi,JVASP-67524,P4mm,12,167.3415479,-1.180796016,167.3415481,-1.181275921
BeNbSi,JVASP-67530,I4mm,9,186.5432933,-4.58E-05,186.5432938,-0.000896679
ScBeV,JVASP-67538,I4mm,9,188.6667153,-9.93E-08,188.6667159,-6.60E-05
LiBeSi,JVASP-67543,I4mm,9,175.8913253,-0.000321687,175.8913257,-0.002651593
BeNiIr,JVASP-67545,I4mm,9,181.9860579,-1.04E-05,181.9860591,-4.44E-05
BeCdFe2,JVASP-67554,P4mm,12,173.9221773,-1.40E-06,173.9221783,-0.000554535
BeBiMo2,JVASP-67555,P4mm,12,185.9879749,-3.27E-06,185.9879756,-2.11E-05
BeHgSe,JVASP-67557,I4mm,9,131.9542943,-18.619698,131.9542944,-18.61970543
BeCdCo2,JVASP-67558,I-4m2,12,95.18269287,-0.000136455,95.18269526,-0.003549785
LiBeSi2,JVASP-67561,P4mm,12,345.3286646,-0.000637914,345.3286661,-0.002024819
BeSiTe,JVASP-67563,I4mm,9,136.0292891,-4.51E-05,136.029307,-0.004002063
LiTiBe2,JVASP-67568,P4/mmm,12,219.4059675,-23.32462322,219.4059679,-23.32462364
BeCo2Br,JVASP-67569,P4mm,12,220.1776667,-11.89787934,220.177667,-11.89787997
KMn2Be,JVASP-67570,P4mm,12,196.791425,-0.001296402,196.7915316,-0.001979366
BeGeTe,JVASP-67574,I4mm,9,29.61370008,-0.078409302,29.61370037,-0.07842676
BeGaCu,JVASP-67576,I4mm,9,109.2543352,-3.95E-05,109.2543354,-0.00058705
NaCaBe,JVASP-67578,I4mm,9,83.64060282,-3.17E-05,83.64060323,-0.002368897
NaBeIn,JVASP-67583,I4mm,9,65.61681845,-0.004691893,65.61690608,-0.005109658
CaBeOs2,JVASP-67584,F-43m,12,110.9327585,-8.10E-05,110.9327589,-0.001069512
LiBeFe,JVASP-67585,I4mm,9,204.4167115,-0.000551612,204.4167116,-0.001858492
ScBeRh,JVASP-67588,P-6m2,9,201.8255974,-4.11E-07,201.8256986,-2.11E-05
BeGaTc2,JVASP-67589,I-4m2,12,88.2681494,-3.05E-05,88.2681497,-5.10E-05
Ti2BeFe,JVASP-67590,P4mm,12,230.6910689,-0.000517686,230.6910691,-0.001745441
NaMnBe,JVASP-67591,I4mm,9,158.4353383,-8.46E-05,158.4353385,-0.001283396
BeCuSi,JVASP-67593,I4mm,9,125.8802289,-3.138806634,125.880229,-3.138807551
BeCdSb,JVASP-67596,I4mm,9,63.23254311,-9.158106654,63.23254369,-9.158107261
SrBeGe,JVASP-67597,I4mm,9,70.35633082,-3.70E-05,70.35633113,-0.002186112
NaBeRu2,JVASP-67600,F-43m,12,119.5488602,-7.35E-06,119.5488606,-9.88E-05
MgBeGe,JVASP-67601,I4mm,9,118.3202653,-7.83E-05,118.3202739,-0.000312519
BeNbRu2,JVASP-67604,P4mm,12,200.9416312,-3.82E-07,200.941635,-1.13E-05
BeInCl,JVASP-67608,I4mm,9,67.37974864,-79.94751017,67.37974889,-79.94751078
CaBeFe2,JVASP-67611,F-43m,12,118.1809251,-8.46E-05,118.1809256,-9.46E-05
YScBe,JVASP-67617,I4mm,9,129.0948669,-2.53E-07,129.0948669,-7.23E-05
BeVFe,JVASP-67619,I4mm,9,255.4500491,-5.47E-05,255.4500491,-0.000749283
LiBeV2,JVASP-67620,P4mm,12,177.2834193,-6.43E-06,177.2834197,-2.70E-05
TaBeCr,JVASP-67621,I4mm,9,280.7270169,-5.23E-07,280.7270179,-8.27E-06
SrScBe,JVASP-67623,I4mm,9,122.8280724,-8.66E-07,122.8281618,-1.13E-05
BeInOs2,JVASP-67624,P4mm,12,228.9662214,-8.76E-05,228.9662215,-0.000402964
BeTeIr,JVASP-67625,I4mm,9,207.8709974,-1.78E-05,207.8710174,-8.31E-05
BeTlBi,JVASP-67626,I4mm,9,46.84857907,-0.344223559,46.84857934,-0.34423359
BeGeTe2,JVASP-67628,P4mm,12,139.8807139,-62.14001981,139.8807141,-62.14002025
BeGePb,JVASP-67629,I4mm,9,45.72675448,-1.001337924,45.72675904,-1.0013457
Be2SnMo,JVASP-67635,P4mm,12,281.5083457,-5.30E-05,281.5084215,-0.000228238
BeAgW,JVASP-67636,I4mm,9,217.818782,-1.16E-05,217.8187867,-4.38E-05
BeBiPb,JVASP-67639,I4mm,9,56.63768895,-0.000301255,56.63768952,-0.000706336
Be2BiIr,JVASP-67644,P4/mmm,12,108.0644489,-57.18523881,108.0644507,-57.18525912
BeSiBr,JVASP-67647,I4mm,9,152.2076497,-2.715732124,152.2076507,-2.715747359
BeCrW,JVASP-67648,I4mm,9,286.7682827,-9.29E-07,286.7682838,-7.02E-05
NaBeGa,JVASP-67650,I4mm,9,92.56150413,-0.000148727,92.56150864,-0.000464678
BeCrHg,JVASP-67651,I4mm,9,111.006298,-2.79E-06,111.0062984,-7.26E-05
BeCrP2,JVASP-67654,P4mm,12,154.1058233,-0.000240866,154.1058236,-0.000805321
BeNbPb,JVASP-67656,I4mm,9,133.3861829,-2.06E-07,133.3861906,-3.41E-06
Na2BeIr,JVASP-67657,F-43m,12,80.93193619,-0.000546287,80.93193676,-0.001942713
SrBeCu,JVASP-67661,I4mm,9,106.7720316,-2.11E-07,106.7720374,-0.0013031
BeInHg,JVASP-67665,I4mm,9,29.81919683,-0.453497772,29.81919752,-0.45350282
Ti2BeSb,JVASP-67666,P4mm,12,92.32028426,-1.90E-05,92.3202904,-0.000207093
BeGeSb,JVASP-67669,I4mm,9,40.77157811,-1.758344554,40.77157851,-1.758346301
Be2HgPd,JVASP-67673,P4/mmm,12,114.3728737,-1.17E-05,114.3728754,-5.53E-05
MnBeCr4,JVASP-67677,F-43m,18,170.2817169,1.75E-05,170.3664184,-4.85E-05
BeCu2Br,JVASP-67681,P4mm,12,201.0092734,-20.22143368,201.0092744,-20.22143406
NaScBe,JVASP-67682,I4mm,9,141.7414699,-0.002842812,141.751174,-0.003543209
NaBeBi,JVASP-67683,I4mm,9,55.3747094,-1.08E-05,55.37476534,-0.000110798
NaBeBr,JVASP-67684,I4mm,9,85.90665134,-33.17928532,85.90665193,-33.17928553
KBeTc2,JVASP-67691,F-43m,12,82.81203465,-1.11E-05,82.81203468,-5.89E-05
MgBePb,JVASP-67694,I4mm,9,76.380508,-0.199651541,76.38050907,-0.199804502
BeCrSi,JVASP-67698,I4mm,9,149.4440203,-8.86E-05,149.4441358,-0.001254893
BeAgMo,JVASP-67700,I4mm,9,213.0950615,-4.51E-06,213.0950622,-2.96E-05
KHfBe,JVASP-67705,I4mm,9,156.88206,-1.39E-05,156.8820609,-7.40E-05
BeNiSe,JVASP-67707,I4mm,9,134.8601636,-8.38982519,134.8623112,-8.389833215
ScBeZn2,JVASP-67710,F-43m,12,121.0477685,-5.38E-05,121.0477695,-9.81E-05
BeTlMo,JVASP-67712,I4mm,9,142.2330708,-1.76E-05,142.233071,-0.000457806
BeCdTe,JVASP-67720,I4mm,9,123.3880944,-0.02818266,123.3886096,-0.028822498
BeZnP,JVASP-67721,I4mm,9,124.64443,-10.80243933,124.6444301,-10.80243999
BePBr,JVASP-67725,I4mm,9,115.9285523,-9.335667556,115.9285776,-9.335704943
BeTlTe,JVASP-67726,I4mm,9,30.89795083,-0.667565565,30.89795113,-0.667569356
LiBeBr4,JVASP-67727,F-43m,18,31.29615919,-25.72333218,31.36006232,-25.72337547
BeBiSe2,JVASP-67728,P4mm,12,241.5266134,-11.56494472,241.526619,-11.5649467
LiBeCo,JVASP-67730,I4mm,9,236.9637368,-5.77E-06,236.9637369,-3.74E-05
ScBeTc2,JVASP-67731,F-43m,12,134.0919475,9.47E-07,134.0919476,0
BeCrRu2,JVASP-67732,P4mm,12,255.2781802,-1.36E-06,255.2781805,-7.58E-06
LiBeGe,JVASP-67733,I4mm,9,113.650831,-9.33E-05,113.6508312,-0.000796714
CaBeIr2,JVASP-67734,P4mm,12,221.99572,-2.84E-08,221.9957204,-1.26E-06
ScBeIn,JVASP-67736,I4mm,9,149.1752669,-0.000136975,149.1752672,-0.001154133
BeInRh2,JVASP-67737,P4mm,12,194.5058426,-0.000250143,194.5058426,-0.000587752
SrBePd,JVASP-67738,I4mm,9,101.3721789,-1.71E-05,101.3721986,-0.00010698
SrBeRh,JVASP-67740,I4mm,9,142.2145049,-3.38E-06,142.2145054,-3.80E-05
BeNbTl,JVASP-67749,I4mm,9,127.6629845,-3.11E-06,127.6629909,-3.02E-05
CaBeRu2,JVASP-67756,F-43m,12,104.5000603,-3.18E-06,104.5000607,-7.88E-05
SrBeV2,JVASP-67760,P4mm,12,225.3207178,-5.77E-05,225.3207247,-0.001027972
KBeRh2,JVASP-67762,P4mm,12,207.0410398,-4.39E-06,207.0410405,-1.10E-05
SrBeBi,JVASP-67763,I4mm,9,44.27818709,-1.33E-05,44.27818746,-0.000133344
BeSnSb,JVASP-67766,I4mm,9,64.60623799,-0.000247859,64.60624017,-0.001342789
Mn2BeHg,JVASP-67769,P4mm,12,179.7472685,-0.000429126,179.7472686,-0.000719897
BeCrGe,JVASP-67771,I4mm,9,181.3230515,-0.000207753,181.3235691,-0.000990562
BeCdRu2,JVASP-67772,P4mm,12,149.7008351,-1.64E-06,149.7008354,-1.41E-05
CaBeBr,JVASP-67773,I4mm,9,81.53245226,-7.13E-05,81.53245237,-0.001141948
BePCl,JVASP-67775,I4mm,9,167.3478118,-80.30124571,167.3478123,-80.30124649
NaBeTc2,JVASP-67776,P4mm,12,162.364127,-2.34E-05,162.3641279,-5.66E-05
TiBeZn2,JVASP-67780,F-43m,12,116.9446833,-0.000113743,116.9446849,-0.00048314
BeGaTe,JVASP-67782,I4mm,9,110.7914924,-0.063124855,110.7914957,-0.063522269
MnBeTl,JVASP-67786,I4mm,9,107.9347178,-7.90E-05,107.9347179,-0.000439537
BeSiCl,JVASP-67789,I4mm,9,184.0243157,-65.04509514,184.0243166,-65.04509572
MnBeV,JVASP-67791,I4mm,9,273.6747499,-0.000197125,273.6747501,-0.000629662
BeSi2Br,JVASP-67793,I-4m2,12,35.74012887,-76.96969419,35.74012918,-76.96969481
CaBeTc2,JVASP-67795,F-43m,12,119.7685077,-1.769211386,119.7685423,-1.76921502
SrBeSb,JVASP-67796,I4mm,9,58.02213808,-5.46E-07,58.02214209,-0.000189778
ScBeW2,JVASP-67798,F-43m,12,122.4834957,7.87E-07,122.4834965,0
BeGa4Tc,JVASP-67800,F-43m,18,127.443276,-18.61749436,127.4451321,-18.62433779
HfBeGa,JVASP-67803,I4mm,9,142.9971673,-9.86E-07,142.997168,-7.50E-06
BeSbCl,JVASP-67806,I4mm,9,92.00373542,-97.82816262,92.00373563,-97.82816265
BeNbCr,JVASP-67810,I4mm,9,270.53988,2.30E-07,270.5398802,-1.19E-06
CaBeCu2,JVASP-67814,P4mm,12,165.0410799,-2.28E-05,165.0410799,-0.002160232
YBeMo,JVASP-67815,I4mm,9,197.5776996,-2.18E-06,197.5776997,-1.11E-05
MgBeCr,JVASP-67818,I4mm,9,205.597384,-7.59E-06,205.5973848,-0.000910352
BeGaSb,JVASP-67819,I4mm,9,36.20600645,-4.254955769,36.20600655,-4.254956381
KBeTc,JVASP-67822,I4mm,9,255.834627,-3.66E-07,255.8346272,-6.81E-05
BeInGe,JVASP-67823,I4mm,9,77.526367,-0.831407432,77.52636719,-0.831411479
SrMnBe,JVASP-67831,I4mm,9,122.9387434,-0.000160507,122.9387545,-0.000760912
BeInW2,JVASP-67833,P4mm,12,140.7293625,1.05E-06,140.7293649,-1.70E-05
MgBeSb,JVASP-67834,I4mm,9,72.06990573,-6.987157702,72.06990598,-6.987164706
LiBeBr,JVASP-67836,I4mm,9,92.24216875,-46.02638332,92.24216904,-46.02638343
BeTlSi,JVASP-67840,I4mm,9,159.045507,-0.00030435,159.0455073,-0.00518582
BeCo4Cu,JVASP-67844,F-43m,18,184.3792981,1.09E-07,184.3792984,-0.001983254
BeCoCu2,JVASP-67848,I-4m2,12,114.2889018,-0.000173002,114.290272,-0.000670494
BeMoRu2,JVASP-67849,P4mm,12,235.2911048,-3.54E-07,235.291105,-7.44E-06
NaBeMo,JVASP-67850,I4mm,9,168.7783331,-5.58E-06,168.7783337,-7.88E-05
BeV2Ge,JVASP-67853,P4mm,12,158.7922152,-1.71E-05,158.7922155,-0.000348644
BeTeSe,JVASP-67854,I4mm,9,167.6477124,-1.34E-06,167.6477444,-3.73E-05
NaMgBe,JVASP-67857,I4mm,9,111.8101027,-0.000111206,111.8101032,-0.002837098
BeSnCl,JVASP-67860,I4mm,9,76.29866646,-86.64723457,76.29870995,-86.64723462
LaBeRh2,JVASP-67862,P4mm,12,181.0128331,-0.008279511,181.0128332,-0.012866216
BeTlSe,JVASP-67863,I4mm,9,23.44878256,-0.819021716,23.44882643,-0.819022769
KBeCd,JVASP-67864,I4mm,9,97.33654668,-5.85E-05,97.33654735,-0.000176463
Ta2BeOs,JVASP-67870,P4mm,12,202.3521542,-1.40E-05,202.3522307,-5.66E-05
BeCrFe2,JVASP-67877,I-4m2,12,209.2742143,-0.0001805,209.2742144,-0.000521262
Na2BeIn,JVASP-67879,F-43m,12,42.62140905,-0.014100412,42.62140921,-0.016170163
BeGe2Br,JVASP-67882,I-4m2,12,10.03633196,-52.72993507,10.03633213,-52.72999522
BeP2Ir,JVASP-67883,I-4m2,12,68.25488185,-21.62583408,68.25488225,-21.62583418
BeV2Hg,JVASP-67888,I-4m2,12,89.7629518,-1.61E-06,89.76295238,-7.97E-05
BeGaOs2,JVASP-67892,I-4m2,12,105.9942145,-3.204315953,105.994219,-3.204335948
BeV2Cr,JVASP-67894,I-4m2,12,246.6560091,-3.000161106,246.6560099,-3.000202465
BeTc2Ni,JVASP-67895,I-4m2,12,144.4990431,-6.60E-06,144.4990797,-2.91E-05
KBeNi2,JVASP-67896,I-4m2,12,118.2790427,-19.66442043,118.2790429,-19.66442059
Li2BeCo,JVASP-67898,P4mm,12,239.9303722,-0.00030261,239.9303726,-0.002134905
BeCuPt2,JVASP-67899,I-4m2,12,38.67267352,-1.41E-05,38.67267614,-4.15E-05
KBeMo2,JVASP-67901,F-43m,12,78.27154795,-4.53E-07,78.27154815,-4.66E-06
BeV2Ge,JVASP-67905,I-4m2,12,157.9106332,-0.000178673,157.9106335,-0.000506511
TaBeW2,JVASP-67908,I-4m2,12,140.4145104,-1.34E-05,140.4145107,-4.87E-05
BeFe2Cu,JVASP-67909,I-4m2,12,126.0525097,-8.51E-05,126.0525101,-0.000732288
LiBeV2,JVASP-67917,I-4m2,12,255.8909298,-0.000348094,255.8909299,-0.001713678
Ti2BeCo,JVASP-67921,I-4m2,12,214.5047323,-0.000123961,214.5047326,-0.000309371
CaSc2Be,JVASP-67923,P4mm,12,133.590826,-1.92E-05,133.5908271,-0.003407837
SrTi2Be,JVASP-67925,P4mm,12,143.9105591,-1.66E-07,143.9105594,-1.76E-06
Sc2BeOs,JVASP-67927,I-4m2,12,117.9968632,-8.07E-06,117.9968634,-0.000944976
CaBeZn2,JVASP-67930,F-43m,12,92.92779845,-0.00636727,92.92779945,-0.006894848
Ti2BeMo,JVASP-67931,I-4m2,12,147.9020081,-7.32E-06,147.9020086,-0.000124504
KBeNb2,JVASP-67935,I-4m2,12,95.99058897,-4.602282796,95.99058996,-4.602283981
HfBeNb2,JVASP-67937,I-4m2,12,111.4777219,-1.61E-05,111.4777223,-9.94E-05
BeGa2Co,JVASP-67939,I-4m2,12,115.4691179,-0.000382274,115.469118,-0.000791
Y2BeBr,JVASP-67940,P4mm,12,93.84434394,-0.000126487,93.84444274,-0.000501927
Na2LiBe,JVASP-67945,I-4m2,12,49.11249049,-0.000774933,49.11327734,-0.002541617
BeGaRu2,JVASP-67950,I-4m2,12,98.74079385,-1.83E-07,98.74079397,-0.000117246
BeNiPd2,JVASP-67951,I-4m2,12,54.86033384,-0.000114145,54.86033399,-0.000283344
BeZn2W,JVASP-67957,I-4m2,12,65.64061943,3.77E-06,65.6406504,-0.000929331
BeGaW2,JVASP-67962,I-4m2,12,93.25489159,-5.45E-06,93.25489217,-6.82E-05
KTi2Be,JVASP-67966,F-43m,12,56.133498,-0.000125041,56.13349821,-0.000292797
KBeRu2,JVASP-67972,F-43m,12,75.72167723,-1.63E-05,75.72167737,-3.51E-05
BeV2Cd,JVASP-67973,I-4m2,12,97.74423843,-1.67E-06,97.74423929,-0.000128661
Li2BeBi,JVASP-67974,I-4m2,12,112.6744797,-0.000778805,112.6744803,-0.002824499
BeFeHg2,JVASP-67977,P4mm,12,160.3196942,-0.278755081,160.3197231,-0.27952415
TaTi2Be,JVASP-67987,I-4m2,12,136.4446706,-2.15E-05,136.4446708,-0.000118755
Na2BeGe,JVASP-67988,F-43m,12,82.09503783,-0.001298805,82.09503802,-0.002128145
NaBeV2,JVASP-67993,I-4m2,12,134.5090549,-9.676924393,134.5090552,-9.676924816
BeCrIr2,JVASP-67998,I-4m2,12,114.0797457,-2.01E-06,114.0797458,-4.96E-05
BeCoGe2,JVASP-68012,I-4m2,12,59.16603425,-3.91842414,59.16603501,-3.918425438
BePdPt2,JVASP-68013,I-4m2,12,34.87332895,-2.402508897,34.8733302,-2.402546407
BeCoRh2,JVASP-68017,I-4m2,12,88.29399109,-5.09E-05,88.29446308,-0.000457626
BeGaMo2,JVASP-68021,I-4m2,12,105.467162,-9.59E-05,105.467348,-0.000348654
Ti2MnBe,JVASP-68029,I-4m2,12,203.6527737,-2.860473671,203.6527738,-2.861188707
Mn2BeCu,JVASP-68038,I-4m2,12,163.382689,-0.000555488,163.3897816,-0.001053405
LiTi2Be,JVASP-68039,P4mm,12,167.5213185,-0.000208886,167.5213455,-0.00129948
BeCoPd2,JVASP-68043,I-4m2,12,54.48410019,-0.00012047,54.48410177,-0.000459278
Hf2BeCu,JVASP-68044,P4mm,12,123.6239942,-0.000252144,123.6239975,-0.000449401
KSc2Be,JVASP-68046,P4mm,12,130.0869495,-0.000723797,130.0869498,-0.001489268
CaBePt,JVASP-68049,P-6m2,9,230.1493405,-1.32E-06,230.1494535,-1.12E-05
BeV2Cr,JVASP-68051,P4mm,12,264.9991233,-0.000558359,264.9991311,-0.000818659
BeV2Tc,JVASP-68058,I-4m2,12,199.3659416,-6.14E-06,199.3659421,-4.77E-05
BeZn2Ir,JVASP-68061,I-4m2,12,86.40356567,-2.53E-05,86.40356917,-0.000110238
LaBeP,JVASP-68066,P-6m2,9,298.7467048,-0.004736531,298.7467321,-0.007388302
BeNi2Ir,JVASP-68068,I-4m2,12,119.7703781,-1.98E-06,119.7703784,-8.02E-06
KBeOs2,JVASP-68071,P4mm,12,193.3858134,-0.000151174,193.3858137,-0.000852301
SrBeTc2,JVASP-68072,F-43m,12,79.48509203,-2.426318042,79.48509262,-2.426318429
Hf2BeBr,JVASP-68076,P4mm,12,107.1094159,-2.42E-05,107.1095308,-0.000108762
NaBeRh2,JVASP-68078,I-4m2,12,115.2454984,-5.60E-05,115.2454985,-0.00016742
Mg2BeCo,JVASP-68082,I-4m2,12,147.3524879,-0.005558589,147.3524905,-0.007516814
BeZn2Tc,JVASP-68084,I-4m2,12,86.40182573,8.93E-06,86.40182694,-6.50E-05
HfBeRu2,JVASP-68094,P4mm,12,216.4632424,-1.31E-06,216.4632429,-4.88E-06
BeTc2Ge,JVASP-68105,I-4m2,12,96.99442557,-4.82E-06,96.99442593,-6.47E-06
BeV2Pt,JVASP-68116,I-4m2,12,135.2401043,-5.49E-07,135.2403151,-3.69E-05
BeP2Os,JVASP-68126,I-4m2,12,60.60411571,-21.14474613,60.60411591,-21.14474655
BeNbSi2,JVASP-68129,I-4m2,12,124.4172299,-0.000861428,124.4172301,-0.001521629
BeInW2,JVASP-68131,I-4m2,12,65.0738775,-9.97E-06,65.073878,-0.000148708
BeCrNi2,JVASP-68134,I-4m2,12,168.9570723,-1.98E-05,168.9570724,-6.27E-05
Na2BeBi,JVASP-68139,I-4m2,12,34.27957632,-1.705797262,34.27957672,-1.705800275
BeFeNi2,JVASP-68148,I-4m2,12,148.3979109,-9.49E-05,148.3979113,-0.002164395
CaMn2Be,JVASP-68154,I-4m2,12,124.8253521,-15.55858516,124.8253526,-15.55858564
BeZn2Mo,JVASP-68157,I-4m2,12,62.95730552,-0.000431506,62.95734623,-0.005985257
BeZn2Ge,JVASP-68158,I-4m2,12,25.29515302,-0.009759327,25.29520241,-0.010312953
Na2HfBe,JVASP-68161,F-43m,12,61.33788975,-0.0053938,61.3378903,-0.005867122
BeTc2Pd,JVASP-68164,I-4m2,12,95.72099101,2.31E-07,95.72099301,-3.12E-06
BeRu2Pb,JVASP-68165,I-4m2,12,72.35966528,-4.253141581,72.36027951,-4.25314223
HfBeZn2,JVASP-68174,P4mm,12,145.0411137,-9.50E-05,145.0411151,-0.00144213
BeMoPt2,JVASP-68177,I-4m2,12,90.93968444,-3.55E-05,90.93968594,-0.000109805
MnBeNi2,JVASP-68185,I-4m2,12,151.1283676,-2.12E-05,151.1283677,-0.000266676
BePdRh2,JVASP-68186,I-4m2,12,67.38858303,-5.35E-06,67.38858484,-0.000174424
BeSi2Rh,JVASP-68194,I-4m2,12,84.36440311,-0.710530446,84.36603541,-0.710788754
BeV2Se,JVASP-68196,I-4m2,12,142.0050243,-1.968034552,142.0054058,-1.968137688
K2BeGa,JVASP-68198,F-43m,12,33.54520026,-0.029959899,33.54520052,-0.03012104
BeCdW2,JVASP-68203,I-4m2,12,71.40321001,-4.05E-05,71.40321117,-0.000103788
Mn2BeCo,JVASP-68204,I-4m2,12,185.196553,1.57E-07,185.1969132,-0.001980127
BeNiRu2,JVASP-68210,I-4m2,12,105.5676198,-2.55E-05,105.5676222,-7.33E-05
BeGa2Fe,JVASP-68212,I-4m2,12,131.0418269,-8.82E-05,131.0418272,-0.000355526
BeCrTe2,JVASP-68214,P4mm,12,113.7220129,-49.63936617,113.7220136,-49.63936666
BeRu2Rh,JVASP-68215,I-4m2,12,95.89867798,-1.72E-06,95.89867854,-1.77E-05
Mg2BeFe,JVASP-68217,I-4m2,12,122.2639915,-7.891376263,122.2639918,-7.89137787
BeHgPd2,JVASP-68221,I-4m2,12,36.72964012,-14.73530897,36.7296409,-14.73530972
MnBePd2,JVASP-68224,I-4m2,12,62.79107448,-6.52E-06,62.79107517,-1.37E-05
ScBeV2,JVASP-68228,I-4m2,12,155.8474397,-6.99E-05,155.8474405,-0.000307198
BeCuRh2,JVASP-68236,I-4m2,12,70.72370527,-0.000114757,70.72376494,-0.001980929
BeCrRh2,JVASP-68240,I-4m2,12,114.8791679,-1.96E-07,114.8793218,-5.76E-06
MgMn2Be,JVASP-68241,F-43m,12,196.7849765,-7.07E-07,196.7849766,-3.75E-06
MnBeRh2,JVASP-68245,I-4m2,12,102.8108433,-8.93E-06,102.8108436,-0.000126601
NaSc2Be,JVASP-68247,P4mm,12,125.4902969,-0.002634515,125.490297,-0.003468722
BeGa2Bi,JVASP-68250,I-4m2,12,16.01706864,-8.433299849,16.01706927,-8.433303434
CaBeNb2,JVASP-68251,I-4m2,12,100.2520983,-6.155935737,100.2520986,-6.155936922
BeCoPt2,JVASP-68256,I-4m2,12,47.47760779,-8.42E-07,47.47760794,-0.000196096
BeFeRu2,JVASP-68260,I-4m2,12,135.2304852,-1.34E-05,135.2304854,-7.35E-05
BeCuPd2,JVASP-68271,I-4m2,12,49.47247903,-6.32E-06,49.47247984,-1.96E-05
Mn2BeGa,JVASP-68273,I-4m2,12,126.5813988,-4.29E-06,126.5818239,-5.86E-05
BeFeRh2,JVASP-68275,I-4m2,12,89.77828345,-1.93E-05,89.77834963,-5.05E-05
BeV2Cu,JVASP-68279,I-4m2,12,177.3218833,-0.000215478,177.3222677,-0.000596313
BeCuNi2,JVASP-68281,I-4m2,12,116.1166917,-4.10E-05,116.1166922,-0.000364978
HfMn2Be,JVASP-68282,I-4m2,12,176.7924478,9.86E-05,176.7924481,-0.000655507
BeHgRu2,JVASP-68283,I-4m2,12,74.36889581,-1.06E-06,74.36889689,-1.54E-05
Na2BeFe,JVASP-68284,F-43m,12,59.39799316,-0.004781643,59.39799812,-0.005269567
TiBeV2,JVASP-68285,I-4m2,12,174.4064302,-0.000673477,174.4064309,-0.001607353
BeCoNi2,JVASP-68290,I-4m2,12,137.8024162,-0.000416393,137.802417,-0.001635529
BeInMo2,JVASP-68291,I-4m2,12,75.61985374,-6.90E-07,75.61985415,-8.33E-05
BeRu2Pb,JVASP-68292,P4mm,12,138.4334544,-7.20E-07,138.4334548,-1.81E-05
BeFePt2,JVASP-68294,I-4m2,12,60.47812787,-7.05E-06,60.47812819,-0.000160576
BeCo2Bi,JVASP-68295,I-4m2,12,98.84089557,-2.056751851,98.84130434,-2.056753924
BeCoP2,JVASP-68297,I-4m2,12,64.48307084,-36.08883735,64.48307149,-36.08883809
NaBeSi2,JVASP-68298,I-4m2,12,98.57494351,-37.72099111,98.57494395,-37.72099139
BeInSe,JVASP-68308,P3m1,9,278.8451072,-0.002404406,278.8451204,-0.005173955
BeFeTe2,JVASP-68312,I-4m2,12,44.1699704,-16.35353376,44.16997197,-16.3535339
Be2CdRu,JVASP-68317,P4/mmm,12,347.8405036,-8.46E-05,347.8405672,-0.000172796
NaSc2Be,JVASP-68325,I-4m2,12,64.2128986,-0.011756591,64.21289881,-0.01422996
YMn2Be2,JVASP-68328,I4/mmm,15,282.1136437,-1.14E-05,282.1136453,-1.47E-05
NaBeTl2,JVASP-68337,I-4m2,12,32.82212183,-0.019207874,32.82212235,-0.020180211
Sr2BeGe,JVASP-68338,I-4m2,12,53.60368842,-31.0020932,53.60387608,-31.00219092
BeBiCl2,JVASP-68342,I-4m2,12,30.86326161,-77.40833027,30.86326274,-77.40833185
CaBeSb2,JVASP-68353,I-4m2,12,54.16159391,-32.64561771,54.16159448,-32.64572061
MnBe2In,JVASP-68354,P4/mmm,12,376.8764939,-9.03E-06,376.8764942,-8.90E-05
BeCoPb2,JVASP-68361,I-4m2,12,69.29240678,-44.24925318,69.29243668,-44.2492545
CaBe2Ru,JVASP-68381,P4/mmm,12,420.14018,-9.75E-07,420.1401802,-3.94E-05
NaBe2Ru,JVASP-68387,P4/mmm,12,416.3348062,-9.48E-06,416.3348065,-4.13E-05
Sr2BeCo,JVASP-68395,P4mm,12,151.1677524,-0.000911485,151.1677526,-0.003692813
NaBeSn2,JVASP-68405,I-4m2,12,42.93237148,-7.169731983,42.93237204,-7.169732186
BePb2Br,JVASP-68406,I-4m2,12,13.78133052,-3.162119072,13.78133485,-3.162119831
BeNbTe2,JVASP-68408,I-4m2,12,19.24436443,-46.27941117,19.24437969,-46.27941155
Y2BeGa,JVASP-68411,I-4m2,12,75.56382113,-28.26919506,75.56427728,-28.2691954
Be2PdRh,JVASP-68417,P4/mmm,12,206.8312515,-7.09E-06,206.8312518,-2.53E-05
LiBePb2,JVASP-68421,I-4m2,12,80.00931941,-11.89098248,80.00932003,-11.89098313
BeGaPb2,JVASP-68422,I-4m2,12,16.85241141,-19.64825956,16.85241164,-19.64826003
NaTaBe,JVASP-68423,P3m1,9,159.3689746,-4.24E-06,159.3689748,-0.000167136
Be2InTc,JVASP-68426,P4/mmm,12,360.0896678,-2.60E-07,360.0896701,-6.15E-05
KBe2Tc,JVASP-68431,P4/mmm,12,422.24622,-1.60E-05,422.2462202,-0.000106581
MgMnBe2,JVASP-68432,P4/mmm,12,246.5074418,-8.18E-07,246.5074419,-1.13E-05
Sr2BeGa,JVASP-68436,I-4m2,12,47.46101025,-12.09637698,47.46106445,-12.09637722
BeFePb2,JVASP-68448,I-4m2,12,51.64419319,-39.51938825,51.64419448,-39.51938942
TaBeCl,JVASP-68449,P3m1,9,207.6701959,-1.20E-05,207.6704214,-0.000131475
BeCu2Br,JVASP-68452,I-4m2,12,51.73584402,-13.63894244,51.73585053,-13.63894267
Li2BeCl,JVASP-68454,I-4m2,12,252.8144029,-32.25500474,252.814457,-32.25500523
NaBe2Os,JVASP-68457,P4/mmm,12,398.0864376,-2.03E-05,398.0864378,-5.12E-05
Sr2BeP,JVASP-68462,I-4m2,12,76.17068952,-56.24918884,76.1706898,-56.24918959
Be2CrCd,JVASP-68469,P4/mmm,12,206.2602848,-6.53E-06,206.2603257,-0.000125998
BeRh2Cl,JVASP-68472,I-4m2,12,64.16483401,-40.08471178,64.16483408,-40.08471718
BeFeSb,JVASP-68474,I4mm,9,186.5417149,-1.19E-05,186.5417478,-0.00023603
BeNbPb2,JVASP-68475,I-4m2,12,37.02993788,-24.12053369,37.02993811,-24.12053432
MgBeZn,JVASP-68478,P3m1,9,147.5701292,-0.000111186,147.5701297,-0.001319746
Be2GaOs,JVASP-68481,P4/mmm,12,284.1200142,-1.55E-06,284.120015,-1.19E-05
K2Be2Co,JVASP-68490,I4/mmm,15,341.372625,-1.717586375,341.372625,-1.718072834
MnBe2Bi,JVASP-68494,P4mm,12,256.2305592,2.70E-07,256.2305593,-1.80E-06
BeVIn,JVASP-68497,P3m1,9,153.0588198,-0.003086708,153.0588202,-0.004644271
BeTcBr,JVASP-68498,P3m1,9,182.1767446,-5.24E-05,182.176745,-0.000201844
TiBe2Te,JVASP-68514,P4/mmm,12,206.0545572,-2.622903228,206.0558541,-2.622904868
ScBeSe2,JVASP-68515,I-4m2,12,89.78725932,-67.23494287,89.78725947,-67.23497534
Na2BeBr,JVASP-68516,I-4m2,12,76.20559831,-5.589869438,76.20579568,-5.5898699
Be2InTe,JVASP-68518,P4mm,12,154.8546345,-2.16E-05,154.8546347,-4.44E-05
KBeTe2,JVASP-68522,I-4m2,12,45.67874017,-66.4695449,45.6787413,-66.46954877
BeNiPb2,JVASP-68523,I-4m2,12,69.04896884,-36.42555708,69.04897326,-36.42566946
LiBeNi,JVASP-68524,P3m1,9,210.9134267,-0.00022878,210.9134272,-0.007596035
CaBeSe2,JVASP-68535,I-4m2,12,83.08524892,-100.2755051,83.08564182,-100.2756151
Na2BeFe,JVASP-68541,P4mm,12,249.6335134,-0.02682026,249.6335135,-0.028183991
CaBeTe2,JVASP-68558,I-4m2,12,58.41624134,-61.47882329,58.41625335,-61.4788751
BeNiTe2,JVASP-68563,I-4m2,12,33.17364383,-7.135401995,33.17364759,-7.135402588
BeGa2Cl,JVASP-68565,I-4m2,12,25.72210049,-6.610669571,25.72210073,-6.61066983
Sr2BeSn,JVASP-68572,I-4m2,12,32.57847463,-23.68443938,32.57881425,-23.68443952
Na2MnBe,JVASP-68574,P4mm,12,166.5554837,-0.003877788,166.5554838,-0.004461573
HfBeSb2,JVASP-68575,I-4m2,12,27.24928583,-14.33047454,27.24928842,-14.33047468
BeCdSb2,JVASP-68583,I-4m2,12,20.62856579,-21.72147567,20.6285661,-21.72147641
TiBeHg,JVASP-68586,P3m1,9,206.1535507,-3.94E-05,206.1535508,-0.000136096
BeCu2Cl,JVASP-68587,I-4m2,12,101.9536772,-15.50144924,101.9537201,-15.50144944
MgBe2Ru,JVASP-68588,P4/mmm,12,322.3891684,-2.48E-05,322.3891765,-3.45E-05
Y2BeIn,JVASP-68597,I-4m2,12,46.30779785,-19.07209801,46.30800265,-19.07209999
Ca2BeBr,JVASP-68598,I-4m2,12,87.76891706,-8.610403178,87.76891782,-8.610404358
MnBeCl,JVASP-68603,P3m1,9,179.1683317,-8.829631936,179.1683322,-8.829648457
HfBePb2,JVASP-68609,I-4m2,12,20.76767106,-5.00301341,20.76767733,-5.003013922
BeNbSe2,JVASP-68614,I-4m2,12,51.97321543,-51.07645743,51.97321554,-51.07650649
KLi2Be,JVASP-68616,I-4m2,12,68.14003605,-9.193758283,68.14003737,-9.193758667
Sc2BeIn,JVASP-68618,I-4m2,12,52.62260241,-7.107549955,52.62376197,-7.107551063
Sr2BeBi,JVASP-68626,I-4m2,12,34.94948772,-26.92742593,34.94973958,-26.92749347
Be2NiCl,JVASP-68631,P4/mmm,12,341.0645311,-41.23997659,341.0645318,-41.23997691
BeGeP2,JVASP-68636,I-4m2,12,55.48307233,-26.59224832,55.48307267,-26.59224958
BeTl2Ga,JVASP-68642,I-4m2,12,19.16770499,-15.60355933,19.16770516,-15.60355958
BeBiBr2,JVASP-68652,I-4m2,12,17.49946759,-74.09628088,17.4994678,-74.09655627
TiBeBi,JVASP-68659,P3m1,9,122.8094461,-0.00596504,122.8094489,-0.011658082
Mg2BeCl,JVASP-68662,I-4m2,12,103.9492457,-14.37006038,103.9493201,-14.37006054
Sr2BePd,JVASP-68666,I-4m2,12,63.36610516,-19.30790617,63.36610527,-19.30791948
BeCrSn2,JVASP-68676,I-4m2,12,40.94490699,-12.66233237,40.94490709,-12.66238384
TaBe2Ir2,JVASP-68682,I4/mmm,15,430.6246649,-4.68E-06,430.6247483,-7.62E-06
Na2BeCl,JVASP-68683,I-4m2,12,92.8286492,-10.79757829,92.82865622,-10.79757856
LiBe2Sb,JVASP-68685,P4/mmm,12,363.4541466,-0.000249665,363.4541467,-0.000760731
MgBe2V,JVASP-68686,P4/mmm,12,185.7618003,-6.69E-05,185.7618016,-0.000110392
KSr2Be,JVASP-68705,I-4m2,12,16.58157478,-4.176620661,16.58158021,-4.176640202
LiBeSe2,JVASP-68706,I-4m2,12,178.8853209,-41.91064569,178.885321,-41.91079109
Ba2CaPd,JVASP-69030,Fm-3m,12,16.65094468,-0.078965323,16.65094487,-0.078976252
BeGeTe2,JVASP-68712,I-4m2,12,25.15757302,-45.79922444,25.15759915,-45.79929902
BeZn2Cl,JVASP-68723,I-4m2,12,50.21590552,-14.59533167,50.21590557,-14.59533305
BeVSb,JVASP-68737,P3m1,9,146.9211046,-5.35E-06,146.9211053,-0.000565144
BeTl2Fe,JVASP-68742,I-4m2,12,48.82298126,-28.69237218,48.82298166,-28.69237387
NaBe2Tc,JVASP-68744,P4/mmm,12,398.9536963,-6.52E-06,398.9536966,-8.12E-05
Sc2BeCl,JVASP-68748,I-4m2,12,152.3482752,-19.44718768,152.3482793,-19.4471881
Be2Ni2Ge,JVASP-68749,I4/mmm,15,301.1146155,-9.72E-06,301.1146159,-0.00011599
Sc2BeGa,JVASP-68754,I-4m2,12,87.40805499,-26.09941665,87.40806018,-26.09941835
Be2CuIr,JVASP-68759,P4/mmm,12,228.1107539,-7.38E-06,228.1107541,-6.97E-05
Be2TeRh2,JVASP-68760,I4/mmm,15,201.6587905,-6.624944309,201.6587913,-6.624945397
Y2BeSn,JVASP-68763,I-4m2,12,45.31027179,-23.97758406,45.3108254,-23.97758425
Y2BeBi,JVASP-68766,I-4m2,12,40.72387155,-0.649871944,40.72387312,-0.649874109
TiBe2Hg,JVASP-68772,P4/mmm,12,132.1824419,-2.43E-05,132.1824426,-6.81E-05
Be2MoW,JVASP-68774,P4mm,12,197.9600311,-1.11E-05,197.9600323,-6.28E-05
Be2GaFe2,JVASP-68782,I4/mmm,15,439.113012,-0.000245022,439.113012,-0.000266534
Sr2BeRh,JVASP-68787,I-4m2,12,68.6047307,-18.76614975,68.60473202,-18.76618018
Sc2BeBr,JVASP-68793,I-4m2,12,109.3670489,-7.611045828,109.3670491,-7.611046303
Be2MoPb2,JVASP-68795,I4/mmm,15,420.1687698,-10.29357845,420.1687701,-10.29357932
BeTl2Cr,JVASP-68807,I-4m2,12,31.19419826,-4.30541546,31.19419847,-4.30541579
Mn2Be2Zn,JVASP-68812,I4/mmm,15,447.9082243,-0.000536626,447.9083694,-0.000706015
HfBeSe2,JVASP-68817,I-4m2,12,47.29660373,-50.24254285,47.29660404,-50.24267058
ScBeTe2,JVASP-68818,I-4m2,12,59.39850321,-33.86853634,59.3985033,-33.86857556
Y2BeGe,JVASP-68819,I-4m2,12,76.28398576,-35.94488119,76.28398631,-35.94488152
Ca2BeBi,JVASP-68834,I-4m2,12,42.62088397,-29.11243873,42.62088449,-29.11248443
BeTe2Pd,JVASP-68841,I-4m2,12,25.46892008,-18.83924041,25.46892026,-18.83931001
NaY2Be,JVASP-68846,I-4m2,12,49.58062267,-0.000311163,49.58062282,-0.001112267
SrTaBe2,JVASP-68853,P4/mmm,12,225.0758784,-1.30E-05,225.0758787,-2.92E-05
Be2FeBr,JVASP-68857,P4/mmm,12,468.501601,-15.16851931,468.501601,-15.16852037
Sr2TiBe2,JVASP-68867,I4/mmm,15,321.48383,-6.71E-05,321.4838304,-0.000123033
Sc2BeSb,JVASP-68869,I-4m2,12,63.09121449,-2.31689715,63.09141634,-2.316897626
BeCdTe2,JVASP-68881,I-4m2,12,30.48080373,-53.4292752,30.48080399,-53.42928515
Sr2CaBe,JVASP-68887,P4mm,12,74.51092165,-0.000168222,74.51092175,-0.000284519
MnBe2Cd,JVASP-68902,P4/mmm,12,247.5815484,-2.96E-05,247.5815488,-7.11E-05
Y2BeCl,JVASP-68911,I-4m2,12,128.0695762,-15.65126419,128.0695765,-15.65126445
Mg2BeBr,JVASP-68919,I-4m2,12,60.77603254,-13.63051031,60.77603332,-13.63051099
BeSiRh,JVASP-68926,I4mm,9,223.1905928,-0.000100021,223.1916449,-0.000219558
WS2,JVASP-68932,na,18,161.3503256,4.78E-06,161.8329327,-1.44E-05
WS2,JVASP-68933,C2/m,18,160.3047168,8.32E-07,160.394497,-7.27E-06
BaBeCo2,JVASP-68938,P4/mmm,12,79.12234888,-73.96886603,79.12288463,-73.96886638
Ba2NaCu,JVASP-68940,Fm-3m,12,17.82417722,-5.91E-05,17.82417734,-0.000629536
BaInMo2,JVASP-68941,P4/mmm,12,26.34600756,-4.046968891,26.34600987,-4.046969046
BaSrCl2,JVASP-68947,na,12,25.33185968,6.28E-07,25.33186168,-5.79E-06
BaFeHg4,JVASP-68948,F-43m,18,15.9081864,-3.505842026,15.90819091,-3.506301163
BaCrCl2,JVASP-68951,P4mm,12,29.35735439,-5.903579188,29.35735499,-5.903580087
KBaLi2,JVASP-68953,P4/mmm,12,37.74580242,-6.84E-06,37.74580573,-0.000133869
BaCaBr2,JVASP-68960,P4mm,12,18.43802658,-3.15E-06,18.43802749,-1.14E-05
BaSnW2,JVASP-68961,P4/mmm,12,37.22178013,-15.56589775,37.22178054,-15.56589788
BaLiCa2,JVASP-68963,P4mm,12,56.18205678,-1.54E-05,56.18205715,-5.03E-05
BaLiPd2,JVASP-68966,P4/mmm,12,75.42392901,-14.96833359,75.42393006,-14.96839894
BaRuCl2,JVASP-68969,P4mm,12,47.95226987,-10.1453844,47.95227082,-10.14589588
BaSi2Br,JVASP-68973,I4/mmm,12,33.81891228,-47.89939197,33.81891257,-47.89939215
BaV2Bi,JVASP-68976,Pmmm,12,206.8840146,-2.557151308,206.8840153,-2.557156229
BaNa2Pt,JVASP-68982,P4/mmm,12,59.22273724,8.10E-08,59.22274395,-2.89E-06
Ba2HfCl,JVASP-68984,Fm-3m,12,4.196406137,-2.8973038,4.196406962,-2.897304897
KBa2Pd,JVASP-68986,Fm-3m,12,12.14927117,9.25E-07,12.1492713,-8.70E-06
Ba2SnPb,JVASP-68997,Fm-3m,12,7.458201866,-8.04E-08,7.458201998,-7.51E-06
BaSrY2,JVASP-68998,P4/mmm,12,12.30864927,1.78E-07,12.30864962,-1.66E-06
BaYPt2,JVASP-69000,P4/mmm,12,17.83047697,-2.96E-07,17.8304783,-2.52E-06
BaV2P,JVASP-69002,P4/mmm,12,37.5943478,-20.86551413,37.59434818,-20.86551463
Ba2YSb,JVASP-69003,Fm-3m,12,7.901228232,8.53E-07,7.901228963,-9.15E-06
BaCa2Y,JVASP-69009,P4/mmm,12,21.21776832,-1.76E-06,21.21777168,-8.49E-06
Ba2ScHg,JVASP-69016,Fm-3m,12,11.49869467,-9.25E-07,11.49869552,-2.11E-06
Ba2YSn,JVASP-69024,Fm-3m,12,8.983847911,2.43E-06,8.983848625,0
Ba2HgPb,JVASP-69037,Fm-3m,12,6.100477985,-2.08E-06,6.10048658,-4.69E-06
BaSr2Sc,JVASP-69038,P4/mmm,12,19.69514153,-3.31E-06,19.69514181,-6.77E-06
Ba2MgTe,JVASP-69040,Fm-3m,12,19.57495688,1.39E-06,19.57495762,0
Ba2HfTe,JVASP-69042,Fm-3m,12,6.093515034,1.09E-07,6.093515279,-2.58E-06
BaRu2Pt,JVASP-69043,P4/mmm,12,24.61571521,-10.83460319,24.61571561,-10.83460751
BaSc4Pt,JVASP-69044,F-43m,18,72.10123043,-21.63059449,72.10123096,-21.63059536
BaVTe2,JVASP-69045,P4mm,12,34.839664,-5.751711992,34.83966408,-5.751712133
BaLiNi2,JVASP-69047,I4/mmm,12,80.14415195,-7.041696686,80.14415219,-7.041788022
BaCaTi4,JVASP-69053,F-43m,18,30.30719052,1.20E-05,30.30719384,-1.60E-05
Ba2ScIn,JVASP-69054,Fm-3m,12,12.18707878,2.06E-07,12.187079,-7.25E-06
K2BaBe,JVASP-69057,P4/mmm,12,31.77324212,-0.004667227,31.77324344,-0.005523047
BaCo2Br,JVASP-69058,P4/mmm,12,96.24332046,-3.449207852,96.24332371,-3.44920965
BaVBr2,JVASP-69062,P4mm,12,17.47043598,-4.996014565,17.47043616,-4.996213153
KBaV4,JVASP-69065,F-43m,18,104.8939446,1.75E-08,104.8939449,-6.43E-05
BaVTe2,JVASP-69066,P4mm,12,34.78543335,-5.792369302,34.78543508,-5.792460543
BaYPd2,JVASP-69068,P4/mmm,12,17.88007568,2.74E-05,17.88007699,-1.07E-05
BaBeV2,JVASP-69070,P4/mmm,12,111.7547348,-57.56912382,111.7547353,-57.56912668
BaScPb2,JVASP-69078,P4mm,12,28.24172774,-0.788172909,28.24947545,-0.788175368
K2BaMn,JVASP-69081,P4mm,12,10.22180526,-0.000257779,10.22180583,-0.000543643
Ba2CrBi,JVASP-69082,Fm-3m,12,7.232984101,-4.55E-05,7.232984983,-7.60E-05
BaVHg2,JVASP-69083,P4/mmm,12,13.80224456,-0.569777782,13.80224492,-0.569936877
BaIrCl2,JVASP-69087,Pmm2,12,81.87539733,-9.136864957,81.8754213,-9.138320005
BaMn2Sn,JVASP-69096,P4/mmm,12,17.2587488,-5.434683044,17.26192841,-5.434735597
K2BaGa,JVASP-69100,P4/mmm,12,17.12706014,-4.03E-05,17.12706085,-0.000130269
BaTa2P,JVASP-69101,I4/mmm,12,65.93303944,-30.3736626,65.93304021,-30.37366452
BaTiSe2,JVASP-69102,P4mm,12,50.09175174,-0.000137725,50.09397058,-0.000438235
BaNa2P,JVASP-69105,P4/mmm,12,52.25047652,-0.051486228,52.25047718,-0.051716077
BaSr2Sc,JVASP-69108,P4/mmm,12,19.71071508,-1.02E-06,19.71071551,-9.94E-06
BaSrCa2,JVASP-69110,Pmm2,12,20.23093409,-8.71E-06,20.23093489,-3.15E-05
BaSc4Mo,JVASP-69116,F-43m,18,77.28610638,-19.59413816,77.28610663,-19.59413852
Ba2CrBr,JVASP-69120,Fm-3m,12,8.906389578,6.09E-06,8.9063897,-8.58E-05
BaYPd2,JVASP-69122,P4/mmm,12,17.89293574,-1.34E-05,17.89293638,-0.000108764
BaLi2Fe,JVASP-69124,P4/mmm,12,93.87952874,-5.38730384,93.87952905,-5.387412009
Ba2CdBr,JVASP-69125,Fm-3m,12,5.95482463,2.32E-07,5.954825054,-1.32E-05
Ba2ScBi,JVASP-69126,Fm-3m,12,9.664306451,-5.77E-07,9.664306922,-1.49E-06
BaTiPd2,JVASP-69130,I-4m2,12,24.44475636,-2.246193697,24.44486413,-2.246198004
BaHf2Br,JVASP-69134,I4/mmm,12,36.93412987,-6.389989618,36.93413024,-6.390057958
BaSi2Pd,JVASP-69135,P4/mmm,12,47.30992035,-43.98983297,47.30992083,-43.98983388
BaCa2Mg,JVASP-69136,P4mm,12,29.61805738,-3.66E-06,29.61805783,-6.16E-05
Ba2ScTl,JVASP-69138,Fm-3m,12,11.01641286,-3.30E-06,11.01641509,-6.58E-06
BaCr2Cd,JVASP-69144,P4/mmm,12,19.34129719,-0.439554215,19.34129796,-0.439561842
BaBrCl4,JVASP-69145,F-43m,18,62.71244282,3.29E-07,62.71244314,-2.42E-06
BaSi2P,JVASP-69154,I4/mmm,12,47.47668588,-42.71807851,47.47668615,-42.71807932
BaSrPb2,JVASP-69158,P4mm,12,7.727619325,-1.26E-05,7.727621277,-2.34E-05
BaFePt2,JVASP-69161,I4/mmm,12,20.92378202,-7.074506689,20.92427059,-7.074507235
BaCaBr2,JVASP-69163,P4mm,12,18.44082749,-5.99E-06,18.44082777,-1.50E-05
BaNiRh2,JVASP-69167,I4/mmm,12,20.93959189,-1.78481038,20.93960589,-1.78481115
BaNi2Br,JVASP-69170,Pmmm,12,70.73193351,-4.033598936,70.73193762,-4.03536205
BaSrTa4,JVASP-69173,F-43m,18,14.19043952,1.62E-07,14.19769469,-7.17E-06
BaMnCl2,JVASP-69178,P4/mmm,12,23.93758482,-4.540101019,23.93758521,-4.54010179
BaCoNi2,JVASP-69180,I4/mmm,12,20.88778296,-7.281653267,20.90634688,-7.281653776
BaNa2P,JVASP-69186,P4/mmm,12,52.32490701,-0.061066124,52.32491658,-0.06114979
Ba2TiBi,JVASP-69188,Fm-3m,12,9.58606578,-2.36E-06,9.58606615,-6.20E-06
Ba2YZn,JVASP-69189,Fm-3m,12,8.208814681,-7.66E-05,8.208816033,-0.000158518
Ba2NaGa,JVASP-69201,Fm-3m,12,16.46866186,-7.82E-07,16.4686625,-4.94E-06
BaHf4Be,JVASP-69202,F-43m,18,20.62219988,-4.981969,20.62220038,-4.982016218
BaNaHg2,JVASP-69208,P4/mmm,12,13.76541604,-0.000431593,13.7654187,-0.001380355
BaYPd2,JVASP-69219,I-4m2,12,17.15526193,-4.074589086,17.15529585,-4.074590589
Ba2LiCr,JVASP-69220,Fm-3m,12,36.63576982,-1.01E-05,36.63576999,-2.68E-05
Ba2TlCl,JVASP-69224,Fm-3m,12,5.98089505,-1.627676726,5.980895402,-1.627677694
Ba2SrW,JVASP-69226,Fm-3m,12,9.547251833,3.11E-07,9.54725238,0
BaNi2Cl,JVASP-69227,P4/mmm,12,69.9839657,-7.495264263,69.98403409,-7.495264971
BaCrBr2,JVASP-69231,P4/mmm,12,14.39338801,-6.107184882,14.39338837,-6.107190002
BaMn2Cu,JVASP-69235,I4/mmm,12,21.58809722,-5.883103147,21.58809792,-5.883103277
BaSrLi2,JVASP-69239,P4/mmm,12,49.03248228,-2.98E-06,49.03248253,-1.12E-05
BaSc2Nb,JVASP-69240,P4/mmm,12,26.35872085,-4.10E-06,26.35872857,-6.93E-06
BaGaCl2,JVASP-69255,P4/mmm,12,23.38922754,-3.04E-05,23.38922768,-7.26E-05
BaSn2Te,JVASP-69257,P4mm,12,15.7674347,-0.311524173,15.76743548,-0.311696815
BaSr2Sb,JVASP-69258,P4/mmm,12,13.45179114,-9.54E-07,13.45179353,-2.22E-06
BaNa2V,JVASP-69259,P4/mmm,12,29.55004906,-4.26E-05,29.55004954,-0.000411088
BaYSc2,JVASP-69260,P4/mmm,12,21.29207761,-1.632538509,21.2920781,-1.632539432
K2BaMn,JVASP-69262,P4mm,12,10.22391325,-0.000110746,10.22391342,-0.000609629
Ba2MgSn,JVASP-69272,Fm-3m,12,18.22545584,-5.18E-06,18.22545692,-2.56E-05
BaLi2Ca,JVASP-69274,P4/mmm,12,58.63044487,-6.50E-06,58.63044535,-2.70E-05
BaSi2Br,JVASP-69275,P4/mmm,12,34.94548967,-50.59139844,34.94549019,-50.59139897
Ba2HgBr,JVASP-69277,Fm-3m,12,4.9603829,-5.90E-06,4.960384362,-1.37E-05
BaTa2Be,JVASP-69283,P4/mmm,12,84.37580047,-77.41434364,84.37580084,-77.41434514
KBaRu2,JVASP-69284,I4/mmm,12,49.09896476,-14.94525649,49.09900625,-14.9452568
BaCaBr2,JVASP-69288,P4mm,12,18.44023275,-6.53E-06,18.44023326,-1.24E-05
BaHf4Ga,JVASP-69292,F-43m,18,18.10686009,-3.638979768,18.10686101,-3.638993453
BaCrCl2,JVASP-69293,P4mm,12,29.32759562,-5.895277125,29.32759616,-5.895278322
BaCu2Cl,JVASP-69296,P4/mmm,12,46.56937921,-5.243297774,46.56938069,-5.243544881
BaTc2Pt,JVASP-69306,na,12,22.40914752,-11.14292174,22.40914795,-11.16797197
BaSrNi2,JVASP-69308,P4/mmm,12,13.09351213,-1.42E-06,13.09351311,-1.23E-05
BaCa2Mg,JVASP-69311,P4mm,12,29.60938626,-1.65E-05,29.60938645,-6.23E-05
Ba2HfBi,JVASP-69314,Fm-3m,12,6.775948645,-4.92E-07,6.775948753,-6.19E-06
BaCuCl2,JVASP-69315,P4mm,12,41.64631154,-2.914046856,41.64631198,-2.914081133
Ba2CaTa,JVASP-69323,Fm-3m,12,15.82930897,-2.49E-06,15.82930927,-4.10E-06
Ba2ScCd,JVASP-69326,Fm-3m,12,12.46753149,-2.30E-05,12.46753173,-0.000103029
BaPdRh2,JVASP-69328,P4/mmm,12,23.00464317,-2.471225938,23.00464329,-2.471226325
Ba2BiBr,JVASP-69329,Fm-3m,12,6.177400696,1.13E-05,6.177401954,-2.55E-06
BaTePd2,JVASP-69332,P4/mmm,12,18.77663732,-4.430331419,18.77663765,-4.430332252
BaSr2Sc,JVASP-69340,P4/mmm,12,19.68374217,3.03E-07,19.68374285,-7.88E-06
BaGaBi2,JVASP-69342,P4mm,12,15.30130047,-2.51E-05,15.30130075,-7.11E-05
BaZnCl2,JVASP-69348,P4/mmm,12,20.70097133,-0.000520902,20.70097226,-0.001332778
BaCuBr2,JVASP-69349,P4/mmm,12,17.91822286,-2.797001026,17.91822325,-2.797014709
Ba2TiBr,JVASP-69350,Fm-3m,12,7.734692336,-1.29E-05,7.734693826,-4.83E-05
Ba2MgSb,JVASP-69353,Fm-3m,12,19.8594222,-4.56E-06,19.85942239,-6.77E-06
BaHgW2,JVASP-69355,P4/mmm,12,30.38596731,-12.96579856,30.38613417,-12.96579871
Ba2CdCl,JVASP-69363,Fm-3m,12,7.704454301,-2.68664575,7.704454623,-2.686646251
BaCo2Cl,JVASP-69364,Pmmm,12,95.72794953,-6.464646238,95.72794981,-6.466602641
BaRu2Pt,JVASP-69367,P4/mmm,12,24.54633758,-10.72840483,24.54641326,-10.72840508
BaSi2Mo,JVASP-69370,P4/mmm,12,56.78334768,-50.14152212,56.78334779,-50.14152501
BaGeCl2,JVASP-69371,P4/mmm,12,28.05884553,-1.44E-05,28.05884558,-0.000215384
BaP2Pb,JVASP-69372,P4mm,12,46.3067199,-1.067167857,46.30679111,-1.067170045
BaMnCr2,JVASP-69373,P4/mmm,12,27.24832748,-2.63E-05,27.24832776,-5.78E-05
Ba2YMn,JVASP-69374,Fm-3m,12,10.54671545,-7.04E-06,10.54671683,-3.10E-05
HfMnBe2,JVASP-69399,I-4m2,12,215.125772,-41.16907587,215.1257723,-41.16907636
Be2CuRh,JVASP-69411,P4mm,12,224.5875783,-0.000105691,224.5875789,-0.000287207
Be2MoP,JVASP-69419,I-4m2,12,249.3726742,-4.45E-06,249.3726779,-5.53E-05
BeFeCl,JVASP-69430,P3m1,9,206.9644185,-4.529608768,206.9644715,-4.529609412
Be2NiSe,JVASP-69432,P4mm,12,197.373843,-4.04E-05,197.3738439,-0.000341494
HfBe2Ge,JVASP-69446,I-4m2,12,187.5566128,-70.56814437,187.5566423,-70.56814454
Be2TcIr,JVASP-69469,I-4m2,12,257.4309668,-1.97E-05,257.4309669,-7.11E-05
Be2InSb,JVASP-69473,I-4m2,12,79.94299678,-61.74409098,79.94299699,-61.7440918
MnBe2V,JVASP-69475,I-4m2,12,255.9365218,-3.69E-06,255.936522,-1.55E-05
BeGa2Pd2,JVASP-69482,I4/mmm,15,71.22203149,-4.061474993,71.22203199,-4.061477235
Be2CoPb,JVASP-69497,P4mm,12,251.9692346,-1.33E-05,251.9692406,-7.42E-05
Be2CrRu,JVASP-69499,P4mm,12,236.7463144,-1.84E-06,236.746315,-8.19E-06
Be2SnP,JVASP-69501,I-4m2,12,159.657976,-96.03440525,159.6579764,-96.0344056
MnBe2Si,JVASP-69503,P4mm,12,272.4642719,1.43E-07,272.4642722,-4.34E-05
SrBe2Ni,JVASP-69508,P4/mmm,12,344.8884719,-5.54E-05,344.8884726,-9.68E-05
Be2ZnRu,JVASP-69521,I-4m2,12,209.7571033,-1.74E-05,209.757104,-0.000159375
Be2FeNi,JVASP-69526,P4mm,12,285.7225713,-4.97E-06,285.7225716,-3.19E-05
Be2NbOs,JVASP-69534,P4mm,12,187.2299907,-1.17E-06,187.2299909,-3.05E-05
Be2NbMo,JVASP-69536,I-4m2,12,240.1836162,-5.441129167,240.1836168,-5.441137552
BeV2Sn2,JVASP-69562,I4/mmm,15,41.58820329,-29.33593528,41.5882041,-29.33593612
Be2TcIr,JVASP-69566,Fm-3m,12,181.6325377,-2.08E-07,181.6325387,-1.98E-06
MgBe2Tc,JVASP-69568,I-4m2,12,248.1632608,-10.96462952,248.1632671,-10.96463063
Be2BiMo,JVASP-69576,I-4m2,12,150.0253323,-25.3734505,150.0253335,-25.37345589
MgBe2Tl,JVASP-69580,I-4m2,12,75.22542575,-19.44784714,75.22542911,-19.44784767
LiBe2Br,JVASP-69582,I4/mmm,12,213.4653316,-33.06446695,213.4653319,-33.06567618
Be2SnBr,JVASP-69591,I-4m2,12,165.6977869,-55.19428441,165.6977871,-55.19428507
MgBe2Se,JVASP-69592,P4/mmm,12,141.2671939,-31.66188723,141.2671944,-31.66188818
BeFeOs,JVASP-69604,P3m1,9,235.6903642,-0.000261823,235.6903644,-0.001289447
Be2VFe,JVASP-69621,F-43m,12,223.0341948,-3.34E-05,223.034196,-9.38E-05
Be2NbPb,JVASP-69629,I-4m2,12,170.6367714,-9.90730935,170.6367716,-9.907311051
MnBeP,JVASP-69630,P3m1,9,187.9303173,-0.000987255,187.9303176,-0.002094705
Be2VIn,JVASP-69659,P4/mmm,12,183.5732374,-2.25E-06,183.573238,-1.10E-05
Be2PCl,JVASP-69663,I-4m2,12,147.9211991,-101.9110387,147.9213407,-101.9110392
YBe2Mo,JVASP-69665,P4/mmm,12,335.0522515,-1.14E-05,335.0522516,-2.11E-05
NaBe2Fe,JVASP-69666,I-4m2,12,156.562558,-45.75576858,156.5625584,-45.75576896
Be2RhBr,JVASP-69669,I-4m2,12,157.402724,-152.2727281,157.4027642,-152.2727294
TiBe2Ge,JVASP-69674,P4/mmm,12,220.7725713,-5.07E-06,220.7725718,-3.45E-05
Be2SiNi,JVASP-69713,I-4m2,12,176.9011239,-5.37E-05,176.9012266,-9.63E-05
MnBe2In,JVASP-69723,I-4m2,12,226.6303611,-3.836055537,226.6303612,-3.836062291
Be2CoSi,JVASP-69724,I-4m2,12,218.8320664,-6.18E-05,218.8356312,-0.001172738
Be2ZnW,JVASP-69735,I-4m2,12,297.1942028,-5.98E-06,297.1942033,-1.51E-05
Be2CrGe,JVASP-69755,I-4m2,12,216.7109186,-2.56E-05,216.7116416,-0.000242281
YBeFe,JVASP-69757,P-6m2,9,190.705169,-3.40E-05,190.7051943,-0.000751144
Be2RhCl,JVASP-69764,I-4m2,12,232.308801,-151.2999815,232.3089639,-151.2999821
Be2CrSi,JVASP-69767,P4/mmm,12,179.4791366,-10.57061503,179.4791367,-10.57061559
TiBeHg,JVASP-69774,F-43m,9,80.23742079,6.50E-08,80.23742098,-3.57E-06
TiBe2Ru,JVASP-69778,I4/mmm,12,264.7397641,-4.80E-06,264.7397755,-3.46E-05
TaBe2V,JVASP-69803,I-4m2,12,263.7065675,-7.48687923,263.7067924,-7.486883187
NaMnBe2,JVASP-69838,P4/mmm,12,202.2923741,-6.79E-05,202.2923868,-0.000188226
MnBe2Zn,JVASP-69843,I-4m2,12,212.8498774,-1.17E-06,212.8507418,-4.73E-06
Be2CoTc,JVASP-69854,I-4m2,12,240.2108656,9.32E-08,240.2108664,-2.23E-06
Be2PtRh,JVASP-69869,P4mm,12,267.702433,-2.01E-08,267.7024332,-1.70E-05
Be2FeP,JVASP-69882,I-4m2,12,208.4152986,-2.37E-05,208.4152991,-6.11E-05
MnBe2Cd,JVASP-69883,P4/mmm,12,181.4857812,-3.10E-05,181.4857828,-0.000230585
Be2FeBr,JVASP-69896,Cmmm,12,119.6732031,-13.78480971,119.6732555,-13.78481006
CaBe2Cr,JVASP-69905,Fm-3m,12,146.072475,1.50E-06,146.0724762,0
NaBe2Cr,JVASP-69916,P4/mmm,12,192.4893393,-8.25E-06,192.4893397,-4.34E-05
YBe2Co,JVASP-69918,P4/mmm,12,372.4811576,-3.14E-06,372.481158,-2.24E-05
YBe2Rh,JVASP-69928,F-43m,12,102.9465604,-1.95E-05,102.9465608,-7.48E-05
MgMnBe2,JVASP-69929,P4mm,12,260.9283397,6.41E-06,260.9283398,-0.000102993
Be2CoRu,JVASP-69948,P4/mmm,12,269.2861927,2.71E-07,269.2861934,-6.87E-05
Be2TcRh,JVASP-69962,I-4m2,12,263.1021124,-3.69E-05,263.1022812,-0.000121396
Be2VRu,JVASP-69967,Cmmm,12,260.5979886,-1.24E-06,260.5979889,-6.10E-05
Be2CdTc,JVASP-70013,I-4m2,12,188.0348823,-24.34413468,188.0348826,-24.34448552
BeFe2Si2,JVASP-70027,I4/mmm,15,262.0338447,-0.00047717,262.0338448,-0.00377035
MnBe2Se,JVASP-70035,I-4m2,12,123.164436,-1.25E-05,123.1644392,-2.67E-05
MnBe2Tl,JVASP-70061,I-4m2,12,196.342152,-12.92627275,196.3421521,-12.92627341
MnBe2Cd,JVASP-70068,I-4m2,12,132.1530381,-4.61E-06,132.1530384,-1.68E-05
TiBe2Cr,JVASP-70069,P4/mmm,12,291.0981874,-1.09E-05,291.0981938,-2.87E-05
KYBe2,JVASP-70082,F-43m,12,95.07953771,-2.72E-05,95.07953803,-4.54E-05
TaBe2Fe,JVASP-70105,P4/mmm,12,248.3275309,-8.77E-06,248.3275313,-0.000237945
NaBe2Cl,JVASP-70106,I-4m2,12,67.11490326,-46.5164788,67.1149036,-46.51647909
Be2CoCl,JVASP-70109,I4/mmm,12,144.9426267,-11.5194646,144.9426277,-11.51946557
Be2CuNi,JVASP-70110,P4mm,12,258.9643908,-2.53E-05,258.9643909,-7.84E-05
HfBeCu,JVASP-70115,P-6m2,9,195.7535926,-0.00019114,195.7536718,-0.001246253
SrMnBe2,JVASP-70137,F-43m,12,74.03180889,-3.86E-05,74.03180896,-7.33E-05
TaBe2Ni,JVASP-70141,Fm-3m,12,232.4978444,-1.42E-05,232.4978445,-0.00013179
LiBe2Ni,JVASP-70143,I-4m2,12,324.260548,-0.005617776,324.2605482,-0.010014277
YBe2Ni,JVASP-70154,P4/mmm,12,333.0012649,-9.60E-07,333.0012652,-5.10E-06
Be2VTe,JVASP-70155,I-4m2,12,115.602179,-3.17E-06,115.6021795,-0.00030257
LiTiBe2,JVASP-70164,F-43m,12,260.0629889,-0.003773838,260.0629893,-0.005298037
Be2FeIr,JVASP-70170,I-4m2,12,145.5484738,-8.07E-06,145.5484892,-6.27E-05
TiBe2Ni,JVASP-70208,P4/mmm,12,246.9363922,-0.000169712,246.9363923,-0.000404855
Be2CrFe,JVASP-70225,P4mm,12,273.5740189,-3.05E-05,273.5740193,-8.69E-05
Be2NiCl,JVASP-70230,I-4m2,12,187.3391289,-133.5182463,187.3391292,-133.5182472
ScBeGe,JVASP-70233,P-6m2,9,309.3466747,-0.000133771,309.346708,-0.002079694
Be2SiW,JVASP-70248,I-4m2,12,279.3448392,-5.03E-06,279.3448405,-1.10E-05
Be2CdOs,JVASP-70258,I-4m2,12,215.2553121,-34.01275928,215.2553308,-34.01291609
NaBe2Tc,JVASP-70264,I-4m2,12,193.3148463,-66.40015857,193.3151016,-66.40015919
TaTiBe2,JVASP-70268,I4/mmm,12,285.8328664,-1.01E-06,285.8328665,-5.84E-05
Be2NbBr,JVASP-70279,I4/mmm,12,93.03913757,-11.12807502,93.03913766,-11.12807561
LiBe2Ru,JVASP-70291,P4mm,12,281.8641111,-1.20E-05,281.8641112,-4.15E-05
BeV2Pd2,JVASP-70313,I4/mmm,15,113.3335965,-10.91331678,113.3335973,-10.9133168
TiBe2Cl,JVASP-70317,P4mm,12,266.376921,-6.48E-05,266.3778016,-0.00015886
Be2FePd,JVASP-70318,P4/mmm,12,174.8729116,1.75E-06,174.8729119,-3.48E-05
SrBe2Hg,JVASP-70332,Fm-3m,12,104.4452119,-8.02E-07,104.4452247,-6.17E-05
CaBe2Ru,JVASP-70349,I-4m2,12,171.6541271,-61.07571592,171.6541275,-61.07571613
Be2SiTc,JVASP-70364,I-4m2,12,208.2367859,-1.45E-06,208.236786,-1.23E-05
Be2TlFe,JVASP-70365,P4/mmm,12,148.7274108,-4.374853684,148.7274116,-4.374855117
Be2FeHg,JVASP-70369,I-4m2,12,160.6462633,-10.80127098,160.6462641,-10.80127713
Be2TlMo,JVASP-70376,I-4m2,12,179.1256202,-8.522970805,179.1256203,-8.522971975
Be2NbOs,JVASP-70418,P4mm,12,183.4357369,-1.12E-06,183.4357373,-2.32E-05
Be2CuBr,JVASP-70434,P4/mmm,12,12.65018928,-26.41710541,12.65018945,-26.41710811
YMnBe2,JVASP-70436,P4mm,12,172.1151521,-3.76E-06,172.1151565,-9.53E-06
Be2OsCl,JVASP-70446,I-4m2,12,313.9016043,-132.6835453,313.9018235,-132.6835458
Be2CoBr,JVASP-70473,I-4m2,12,133.3194238,-131.2379738,133.3194346,-131.2379741
TaBe2Sb,JVASP-70482,P4mm,12,196.1638915,-3.984490786,196.1638943,-3.984492149
Be2NbCo,JVASP-70484,F-43m,12,184.4200278,3.06E-07,184.4200279,0
Be2PdW,JVASP-70488,I-4m2,12,212.6474656,-7.95E-06,212.647466,-7.60E-05
Be2FeBr,JVASP-70506,P4mm,12,214.4318064,-43.19617796,214.4318065,-43.196178
Be2PdSe,JVASP-70510,I-4m2,12,111.9204418,-62.46544951,111.9204424,-62.4654501
MnBe2Ga,JVASP-70519,I-4m2,12,247.0026424,-2.83E-05,247.0026431,-9.31E-05
TaBe2Tl,JVASP-70529,I-4m2,12,184.1321663,-23.60807926,184.1321667,-23.60807999
Be2CuMo,JVASP-70546,I-4m2,12,208.9248634,-2.08E-05,208.9248635,-6.12E-05
YMgBe2,JVASP-70581,Fm-3m,12,146.0319738,-2.23E-05,146.0319742,-3.96E-05
KBe2V,JVASP-70583,Fm-3m,12,94.34961336,-2.28E-06,94.34961352,-5.81E-06
LiBe2Se,JVASP-70598,I-4m2,12,181.1115062,-33.62516812,181.1115073,-33.6251686
Be2NbCo,JVASP-70618,P4/mmm,12,245.696887,-6.39E-05,245.6968876,-0.000127289
Be2GePb,JVASP-70619,I-4m2,12,104.0243131,-78.72086011,104.0243135,-78.72086052
MnBe2Tc,JVASP-70620,F-43m,12,198.0614825,-8.09E-06,198.0614826,-1.60E-05
HfBe2Fe,JVASP-70621,P4mm,12,196.6455552,-3.55E-05,196.6455556,-6.01E-05
KBe2Co,JVASP-70631,P4mm,12,273.1978631,-1.53E-07,273.1978635,-3.72E-06
YBe2Ir,JVASP-70649,P4mm,12,216.3985359,-1.57E-06,216.398536,-8.68E-06
MgBe2Os,JVASP-70651,I-4m2,12,295.8494249,-0.765773004,295.8494455,-0.792810968
NaBe2Pd,JVASP-70662,I-4m2,12,156.6540136,-22.71985179,156.654014,-22.71985233
Be2TlCu,JVASP-70665,P4/mmm,12,109.5523278,-12.98409209,109.5523313,-12.98409285
KBe2Fe,JVASP-70687,I-4m2,12,73.85418678,-11.37976381,73.85418715,-11.37976524
Be2CoGe,JVASP-70689,I-4m2,12,176.7468527,-3.96E-05,176.7468531,-0.000201332
Be2CrP,JVASP-70707,I-4m2,12,236.4245534,4.16E-06,236.4246893,-0.000553323
Be2FeSn,JVASP-70719,I-4m2,12,175.6208528,-1.54E-05,175.620853,-0.000112773
CaBe2Ni,JVASP-70725,I4/mmm,12,189.3900384,-0.000315163,189.3900397,-0.000616603
BeW2Se,JVASP-70734,P4mm,12,191.0303368,-6.24E-05,191.0305297,-0.000131335
NaBeV2,JVASP-70740,P4mm,12,142.0260668,3.16E-07,142.0260678,-0.005483921
BeNi2Mo,JVASP-70748,P4mm,12,229.5023288,-2.90E-05,229.5023294,-0.0001399
BeBiSe2,JVASP-70751,P4mm,12,240.6662795,-12.02954082,240.6662799,-12.02957508
SrBeV2,JVASP-70753,P4mm,12,225.1589345,-0.000318004,225.1589347,-0.001032414
KNa2Be,JVASP-70761,P4mm,12,49.41063435,-0.000457056,49.41063446,-0.001723702
MnBeSe2,JVASP-70766,P4mm,12,105.4005217,-0.500279107,105.4005219,-0.500289061
BeIn4Re,JVASP-70770,F-43m,18,74.1912895,-27.10479687,74.19128964,-27.10721123
BeCoPt2,JVASP-70772,P4mm,12,167.8932752,-8.42E-06,167.8932754,-4.59E-05
BeCoTe2,JVASP-70774,P4mm,12,147.9731619,-0.000142102,147.9731754,-0.00270577
CaBeSi2,JVASP-70778,P4mm,12,277.2144544,-0.000179515,277.2150696,-0.004157523
BeNb2Fe,JVASP-70780,P4mm,12,230.3061295,-0.000341798,230.3061298,-0.000820572
Na2BeBr,JVASP-70791,P4/mmm,12,71.58505178,-0.03573207,71.58508047,-0.036754715
BeNb2Fe,JVASP-70800,P4mm,12,230.8242778,-0.000183514,230.8242784,-0.000825416
CaBeMo2,JVASP-70807,P4mm,12,185.772314,-5.38E-06,185.7723141,-9.63E-05
BeCo4Sb,JVASP-70810,F-43m,18,137.4778812,-5.519573874,137.4778849,-5.519576773
BeCoPd2,JVASP-70828,P4mm,12,152.185404,-7.83E-06,152.1854047,-1.81E-05
Ca4BeIr,JVASP-70834,F-43m,18,128.9313095,-22.5357581,128.9313098,-22.53575816
Ta2BeCo,JVASP-70839,P4mm,12,216.2361111,-5.58E-05,216.2361147,-0.00021212
HfBeSi2,JVASP-70840,P4mm,12,172.1979394,-0.000378303,172.1979406,-0.000818542
Be2TlIr,JVASP-70841,P4/mmm,12,139.4849865,-10.51571226,139.4850044,-10.51576698
LiSc2Be,JVASP-70842,P4mm,12,148.8991021,-2.77E-05,148.8991056,-0.00046463
BeV2Fe,JVASP-70845,P4mm,12,243.6540291,-7.90E-05,243.6540293,-0.000570357
MgMn2Be,JVASP-70851,P4mm,12,207.3126521,-0.000244154,207.3126526,-0.001756075
Ca4BeP,JVASP-70854,F-43m,18,109.5447669,-22.6906668,109.5447672,-22.69216005
BeMoP2,JVASP-70858,P4mm,12,125.3882155,-0.000272587,125.3882156,-0.004438016
MgBeV2,JVASP-70859,P4mm,12,190.8573052,-3.11E-06,190.8573054,-2.10E-05
HfBe2V,JVASP-70864,Cmmm,12,306.4334852,-12.77170535,306.4349697,-12.77170621
MgBeSe2,JVASP-70868,P4mm,12,227.628735,-79.7377781,227.6287351,-79.7377782
Mn2BeCl,JVASP-70873,P4mm,12,168.8866558,-3.284227739,168.9821223,-3.28456012
Sc2BeCl,JVASP-70876,P4mm,12,104.6184861,-3.57E-05,104.6184893,-9.87E-05
KBe2Pt,JVASP-70879,P4/mmm,12,288.8104278,-86.54105213,288.8112931,-86.54105238
BeZn2Co,JVASP-70885,P4mm,12,204.095988,-5.20E-05,204.0959887,-0.000187922
NaBePd2,JVASP-70888,P4mm,12,170.2723598,-2.19E-05,170.2723599,-9.63E-05
BeRu2Pb,JVASP-70891,P4mm,12,207.2114058,-5.65E-06,207.2116091,-2.00E-05
SrBe2Cr,JVASP-70892,Cmmm,12,298.0604963,-76.03689006,298.0712981,-76.03689048
Be2IrBr,JVASP-70893,Cmmm,12,40.26860283,-13.72058997,40.26866528,-13.72059059
Mn2BeHg,JVASP-70900,P4mm,12,179.786716,-0.000291567,179.7867165,-0.000716733
ScTaBe2,JVASP-70911,P4/mmm,12,230.0802793,-3.51E-07,230.0802805,-4.03E-06
BeCdSe2,JVASP-70913,P4mm,12,238.161984,-86.22423623,238.1619842,-86.22423653
BeCoPd2,JVASP-70916,P4mm,12,154.4838308,-7.44E-06,154.4838329,-1.36E-05
BeMoOs2,JVASP-70920,P4mm,12,263.6927676,-3.92E-05,263.6927681,-0.00018212
BeNb2In,JVASP-70922,P4mm,12,149.4071897,-2.40E-09,149.4072067,-1.15E-05
BeNb2Ir,JVASP-70927,P4mm,12,198.0702828,4.84E-07,198.0721557,-9.49E-06
BeFeOs2,JVASP-70937,P4mm,12,213.2140073,-1.22E-07,213.2140083,-5.40E-05
NaBePd2,JVASP-70938,P4mm,12,170.2750117,-5.58E-05,170.2750117,-9.48E-05
Li2BeFe,JVASP-70941,P4mm,12,205.7989597,-0.000242761,205.79896,-0.00194168
BeBiIr2,JVASP-70944,P4mm,12,184.2233431,-5.32E-06,184.2233499,-4.27E-05
CaBe2Cr,JVASP-70953,P4/mmm,12,339.1989282,-28.7986765,339.1989325,-28.79868442
BeNbOs2,JVASP-70954,P4mm,12,233.4543507,-0.000276726,233.4543511,-0.000343441
Ca2BeBi,JVASP-70958,P4mm,12,56.49382555,-2.637563505,56.4938263,-2.637565137
HfBeP2,JVASP-70964,P4mm,12,162.4485322,-46.71488749,162.4485324,-46.71488784
Na4SrBe,JVASP-70969,F-43m,18,52.21579662,-8.124213002,52.2157968,-8.128892597
Ti2BeMo,JVASP-70972,P4mm,12,174.3697859,-1.27E-05,174.3697862,-0.00035986
MgTa2Be,JVASP-70976,P4mm,12,193.0436581,-1.79E-05,193.0436582,-6.08E-05
Sc2BeIr,JVASP-70978,P4mm,12,201.0157808,-2.31E-05,201.015783,-0.000226817
BeZn2Cr,JVASP-70980,P4mm,12,196.0135174,-3.63E-05,196.0135179,-0.000209306
SrCaBe2,JVASP-70987,P4/mmm,12,89.16866789,-2.088973462,89.16866795,-2.088976079
Ti2BeCl,JVASP-71004,P4mm,12,123.3856915,-2.17E-05,123.3856926,-7.79E-05
BeOs2Cl,JVASP-71008,P4mm,12,171.1421229,-2.12599713,171.1421254,-2.125997777
Sc2BeBr,JVASP-71009,P4/mmm,12,134.0427129,-0.000207096,134.0427226,-0.000731878
Mg2BeFe,JVASP-71013,P4mm,12,201.2892028,-1.91E-05,201.2892032,-0.000162984
Sc2BeRh,JVASP-71014,P4mm,12,170.4722683,-0.000311184,170.4722687,-0.000486481
BeZn2Fe,JVASP-71021,P4mm,12,139.9230235,-3.23E-05,139.9230246,-8.12E-05
LiSc2Be,JVASP-71023,P4mm,12,148.5617652,-0.000161101,148.5617673,-0.00036987
